datetime,P1,P2,P3,P4,P5,P6
2022-05-24 00:00:57,0.0263,0.0714,12.0,157.0,784.0,0.0149
2022-05-24 00:01:58,0.0262,0.0714,12.0,157.0,784.0,0.0149
2022-05-24 00:02:59,0.0262,0.0715,12.0,157.0,784.0,0.0149
2022-05-24 00:03:59,0.0262,0.0715,12.0,157.0,784.0,0.0148
2022-05-24 00:05:00,0.0262,0.0716,12.0,157.0,783.0,0.0148
2022-05-24 00:06:01,0.0261,0.0715,12.0,157.0,783.0,0.0148
2022-05-24 00:07:02,0.0261,0.0716,12.0,157.0,785.0,0.0148
2022-05-24 00:08:02,0.026,0.0716,12.0,157.0,785.0,0.0148
2022-05-24 00:09:03,0.026,0.0716,12.0,157.0,784.0,0.0147
2022-05-24 00:10:04,0.026,0.0716,12.0,157.0,784.0,0.0147
2022-05-24 00:11:04,0.0259,0.0716,12.0,157.0,786.0,0.0146
2022-05-24 00:12:05,0.0259,0.0715,12.0,157.0,784.0,0.0146
2022-05-24 00:13:06,0.0258,0.0716,12.0,157.0,784.0,0.0146
2022-05-24 00:14:06,0.0257,0.0716,12.0,157.0,784.0,0.0145
2022-05-24 00:15:07,0.0257,0.0716,12.0,157.0,783.0,0.0145
2022-05-24 00:16:08,0.0257,0.0716,12.0,157.0,784.0,0.0145
2022-05-24 00:17:09,0.0257,0.0715,12.0,157.0,784.0,0.0145
2022-05-24 00:18:09,0.0257,0.0715,12.0,157.0,784.0,0.0145
2022-05-24 00:19:10,0.0257,0.0716,12.0,157.0,784.0,0.0145
2022-05-24 00:20:10,0.0256,0.0716,12.0,157.0,784.0,0.0144
2022-05-24 00:21:11,0.0256,0.0717,12.0,157.0,783.0,0.0144
2022-05-24 00:22:12,0.0255,0.0715,12.0,157.0,784.0,0.0143
2022-05-24 00:23:12,0.0255,0.0715,12.0,157.0,784.0,0.0143
2022-05-24 00:24:13,0.0255,0.0716,12.0,157.0,783.0,0.0142
2022-05-24 00:25:14,0.0254,0.0716,12.0,157.0,784.0,0.0142
2022-05-24 00:26:14,0.0253,0.0716,12.0,157.0,785.0,0.0142
2022-05-24 00:27:15,0.0253,0.0716,12.0,157.0,784.0,0.0142
2022-05-24 00:28:16,0.0253,0.0717,12.0,157.0,784.0,0.0142
2022-05-24 00:29:17,0.0252,0.0717,12.0,157.0,783.0,0.0141
2022-05-24 00:30:17,0.0252,0.0719,12.0,157.0,783.0,0.0141
2022-05-24 00:31:18,0.0252,0.0719,12.0,157.0,784.0,0.0141
2022-05-24 00:32:19,0.0251,0.0718,12.0,157.0,785.0,0.014
2022-05-24 00:33:19,0.025,0.0718,12.0,157.0,784.0,0.014
2022-05-24 00:34:20,0.025,0.0718,12.0,157.0,784.0,0.014
2022-05-24 00:35:21,0.025,0.0718,12.0,157.0,784.0,0.0139
2022-05-24 00:36:21,0.0249,0.0718,12.0,157.0,784.0,0.0139
2022-05-24 00:37:22,0.025,0.0717,12.0,157.0,783.0,0.0139
2022-05-24 00:38:23,0.0249,0.0716,12.0,157.0,783.0,0.0139
2022-05-24 00:39:23,0.0248,0.0716,12.0,157.0,783.0,0.0139
2022-05-24 00:40:24,0.0248,0.0716,12.0,157.0,783.0,0.0139
2022-05-24 00:41:25,0.0248,0.0716,12.0,157.0,783.0,0.0138
2022-05-24 00:42:26,0.0248,0.0716,12.0,157.0,784.0,0.0138
2022-05-24 00:43:26,0.0248,0.0716,12.0,157.0,783.0,0.0138
2022-05-24 00:44:27,0.0247,0.0717,12.0,157.0,783.0,0.0137
2022-05-24 00:45:28,0.0246,0.0717,12.0,157.0,784.0,0.0137
2022-05-24 00:46:29,0.0246,0.0717,12.0,157.0,783.0,0.0137
2022-05-24 00:47:29,0.0246,0.0718,12.0,157.0,784.0,0.0137
2022-05-24 00:48:30,0.0245,0.0719,11.0,157.0,786.0,0.0137
2022-05-24 00:49:30,0.0245,0.072,12.0,157.0,783.0,0.0137
2022-05-24 00:50:31,0.0245,0.072,12.0,157.0,783.0,0.0136
2022-05-24 00:51:32,0.0244,0.0721,12.0,157.0,784.0,0.0136
2022-05-24 00:52:32,0.0243,0.072,12.0,157.0,784.0,0.0136
2022-05-24 00:53:33,0.0243,0.0722,12.0,157.0,784.0,0.0135
2022-05-24 00:54:34,0.0243,0.072,12.0,157.0,784.0,0.0135
2022-05-24 00:55:34,0.0243,0.0722,12.0,157.0,784.0,0.0135
2022-05-24 00:56:35,0.0243,0.072,12.0,157.0,784.0,0.0135
2022-05-24 00:57:36,0.0242,0.072,12.0,157.0,783.0,0.0135
2022-05-24 00:58:37,0.0241,0.0719,12.0,157.0,783.0,0.0134
2022-05-24 00:59:37,0.0241,0.0719,12.0,157.0,783.0,0.0134
2022-05-24 01:00:38,0.0241,0.072,12.0,157.0,783.0,0.0134
2022-05-24 01:01:39,0.024,0.0721,12.0,157.0,783.0,0.0133
2022-05-24 01:02:40,0.024,0.072,12.0,157.0,784.0,0.0133
2022-05-24 01:03:40,0.024,0.0719,12.0,157.0,784.0,0.0132
2022-05-24 01:04:41,0.0239,0.0721,12.0,157.0,782.0,0.0133
2022-05-24 01:05:42,0.0239,0.0721,12.0,157.0,783.0,0.0132
2022-05-24 01:06:42,0.0238,0.072,12.0,157.0,783.0,0.0132
2022-05-24 01:07:43,0.0238,0.072,12.0,157.0,783.0,0.0132
2022-05-24 01:08:44,0.0238,0.072,12.0,157.0,783.0,0.0132
2022-05-24 01:09:45,0.0238,0.0722,12.0,157.0,784.0,0.0131
2022-05-24 01:10:45,0.0237,0.0722,12.0,157.0,784.0,0.0131
2022-05-24 01:11:46,0.0237,0.072,12.0,157.0,783.0,0.0131
2022-05-24 01:12:47,0.0237,0.0722,12.0,157.0,783.0,0.013
2022-05-24 01:13:48,0.0236,0.0722,12.0,157.0,783.0,0.013
2022-05-24 01:14:48,0.0236,0.0722,12.0,157.0,784.0,0.013
2022-05-24 01:15:49,0.0236,0.0722,12.0,157.0,783.0,0.0129
2022-05-24 01:16:49,0.0235,0.0723,12.0,157.0,784.0,0.0129
2022-05-24 01:17:50,0.0236,0.0722,12.0,157.0,783.0,0.0129
2022-05-24 01:18:51,0.0235,0.0722,12.0,157.0,783.0,0.0129
2022-05-24 01:19:52,0.0235,0.0722,12.0,157.0,784.0,0.0129
2022-05-24 01:20:52,0.0234,0.0722,12.0,157.0,784.0,0.0129
2022-05-24 01:21:53,0.0234,0.0722,12.0,157.0,783.0,0.0129
2022-05-24 01:22:53,0.0233,0.0722,12.0,157.0,783.0,0.0128
2022-05-24 01:23:54,0.0233,0.0722,12.0,157.0,784.0,0.0128
2022-05-24 01:24:55,0.0233,0.0722,12.0,157.0,784.0,0.0127
2022-05-24 01:25:55,0.0232,0.0722,11.0,157.0,783.0,0.0127
2022-05-24 01:26:56,0.0232,0.0722,12.0,157.0,784.0,0.0127
2022-05-24 01:27:57,0.0232,0.0722,12.0,157.0,783.0,0.0127
2022-05-24 01:28:57,0.0232,0.0722,12.0,157.0,784.0,0.0127
2022-05-24 01:29:58,0.0232,0.0722,12.0,157.0,784.0,0.0127
2022-05-24 01:30:59,0.0231,0.0721,12.0,157.0,784.0,0.0127
2022-05-24 01:31:59,0.0231,0.0721,11.0,157.0,784.0,0.0127
2022-05-24 01:33:00,0.023,0.0722,12.0,157.0,783.0,0.0126
2022-05-24 01:34:01,0.023,0.0722,12.0,157.0,783.0,0.0126
2022-05-24 01:35:01,0.023,0.0724,12.0,157.0,783.0,0.0126
2022-05-24 01:36:02,0.0229,0.0725,12.0,157.0,784.0,0.0126
2022-05-24 01:37:03,0.0229,0.0725,12.0,157.0,784.0,0.0126
2022-05-24 01:38:03,0.0229,0.0726,12.0,157.0,784.0,0.0125
2022-05-24 01:39:04,0.0229,0.0726,12.0,157.0,784.0,0.0125
2022-05-24 01:40:05,0.0228,0.0726,12.0,157.0,784.0,0.0124
2022-05-24 01:41:06,0.0228,0.0726,12.0,157.0,784.0,0.0124
2022-05-24 01:42:06,0.0227,0.0726,12.0,157.0,783.0,0.0124
2022-05-24 01:43:07,0.0227,0.0724,12.0,157.0,783.0,0.0124
2022-05-24 01:44:08,0.0227,0.0725,12.0,157.0,783.0,0.0124
2022-05-24 01:45:08,0.0227,0.0724,12.0,157.0,783.0,0.0124
2022-05-24 01:46:09,0.0227,0.0723,12.0,157.0,783.0,0.0124
2022-05-24 01:47:10,0.0226,0.0722,12.0,157.0,784.0,0.0123
2022-05-24 01:48:10,0.0227,0.0724,11.0,157.0,783.0,0.0123
2022-05-24 01:49:11,0.0226,0.0724,12.0,157.0,783.0,0.0123
2022-05-24 01:50:12,0.0226,0.0722,11.0,157.0,783.0,0.0123
2022-05-24 01:51:13,0.0225,0.0723,12.0,157.0,783.0,0.0122
2022-05-24 01:52:13,0.0225,0.0724,12.0,157.0,784.0,0.0122
2022-05-24 01:53:14,0.0225,0.0724,12.0,157.0,783.0,0.0122
2022-05-24 01:54:15,0.0225,0.0726,12.0,157.0,784.0,0.0122
2022-05-24 01:55:16,0.0225,0.0726,12.0,157.0,784.0,0.0122
2022-05-24 01:56:16,0.0225,0.0726,12.0,157.0,783.0,0.0121
2022-05-24 01:57:17,0.0223,0.0726,12.0,157.0,784.0,0.0121
2022-05-24 01:58:18,0.0224,0.0725,12.0,157.0,783.0,0.0121
2022-05-24 01:59:18,0.0223,0.0726,12.0,157.0,783.0,0.0121
2022-05-24 02:00:19,0.0223,0.0727,12.0,157.0,783.0,0.0121
2022-05-24 02:01:20,0.0223,0.0727,12.0,157.0,784.0,0.012
2022-05-24 02:02:20,0.0223,0.0727,12.0,157.0,783.0,0.012
2022-05-24 02:03:21,0.0222,0.0727,12.0,157.0,783.0,0.012
2022-05-24 02:04:22,0.0222,0.0727,12.0,157.0,784.0,0.012
2022-05-24 02:05:22,0.0222,0.0727,12.0,157.0,783.0,0.012
2022-05-24 02:06:23,0.0222,0.0726,12.0,157.0,783.0,0.0119
2022-05-24 02:07:24,0.0221,0.0726,12.0,157.0,784.0,0.0119
2022-05-24 02:08:24,0.0221,0.0727,12.0,157.0,783.0,0.0119
2022-05-24 02:09:25,0.0221,0.0727,12.0,157.0,783.0,0.0119
2022-05-24 02:10:25,0.0221,0.0726,12.0,157.0,783.0,0.0118
2022-05-24 02:11:26,0.0221,0.0726,12.0,157.0,784.0,0.0118
2022-05-24 02:12:27,0.022,0.0726,12.0,157.0,784.0,0.0118
2022-05-24 02:13:28,0.022,0.0726,12.0,157.0,783.0,0.0118
2022-05-24 02:14:28,0.022,0.0726,12.0,157.0,784.0,0.0118
2022-05-24 02:15:29,0.022,0.0727,12.0,157.0,784.0,0.0117
2022-05-24 02:16:30,0.022,0.0726,12.0,157.0,784.0,0.0117
2022-05-24 02:17:30,0.0219,0.0727,12.0,157.0,784.0,0.0117
2022-05-24 02:18:31,0.0219,0.0727,12.0,157.0,784.0,0.0117
2022-05-24 02:19:32,0.0219,0.0727,12.0,157.0,783.0,0.0117
2022-05-24 02:20:32,0.0219,0.0726,12.0,157.0,784.0,0.0117
2022-05-24 02:21:33,0.0219,0.0727,12.0,157.0,783.0,0.0117
2022-05-24 02:22:34,0.0218,0.0727,12.0,157.0,784.0,0.0117
2022-05-24 02:23:34,0.0218,0.073,12.0,157.0,783.0,0.0117
2022-05-24 02:24:35,0.0218,0.073,12.0,157.0,783.0,0.0116
2022-05-24 02:25:36,0.0217,0.073,12.0,157.0,783.0,0.0116
2022-05-24 02:26:36,0.0217,0.073,12.0,157.0,783.0,0.0116
2022-05-24 02:27:37,0.0217,0.0728,12.0,157.0,783.0,0.0116
2022-05-24 02:28:38,0.0217,0.0729,12.0,157.0,784.0,0.0115
2022-05-24 02:29:38,0.0217,0.0727,11.0,157.0,784.0,0.0115
2022-05-24 02:30:39,0.0216,0.0727,12.0,157.0,782.0,0.0115
2022-05-24 02:31:40,0.0216,0.0727,12.0,157.0,783.0,0.0115
2022-05-24 02:32:40,0.0216,0.0727,11.0,157.0,784.0,0.0115
2022-05-24 02:33:41,0.0216,0.0727,12.0,157.0,783.0,0.0115
2022-05-24 02:34:41,0.0215,0.0726,12.0,157.0,783.0,0.0115
2022-05-24 02:35:42,0.0215,0.0727,12.0,157.0,783.0,0.0114
2022-05-24 02:36:43,0.0215,0.0727,12.0,157.0,783.0,0.0115
2022-05-24 02:37:43,0.0215,0.0728,12.0,157.0,784.0,0.0114
2022-05-24 02:38:44,0.0215,0.0727,12.0,157.0,783.0,0.0114
2022-05-24 02:39:45,0.0214,0.0727,12.0,157.0,783.0,0.0114
2022-05-24 02:40:45,0.0214,0.0727,12.0,157.0,782.0,0.0114
2022-05-24 02:41:46,0.0214,0.0729,12.0,157.0,783.0,0.0113
2022-05-24 02:42:47,0.0214,0.073,12.0,157.0,782.0,0.0113
2022-05-24 02:43:47,0.0213,0.073,11.0,157.0,783.0,0.0113
2022-05-24 02:44:48,0.0213,0.0731,12.0,157.0,783.0,0.0113
2022-05-24 02:45:49,0.0213,0.0731,12.0,157.0,783.0,0.0112
2022-05-24 02:46:50,0.0213,0.0732,12.0,157.0,783.0,0.0112
2022-05-24 02:47:50,0.0213,0.0731,11.0,157.0,782.0,0.0112
2022-05-24 02:48:51,0.0212,0.0731,12.0,157.0,782.0,0.0112
2022-05-24 02:49:52,0.0212,0.0731,12.0,157.0,782.0,0.0112
2022-05-24 02:50:52,0.0212,0.0731,12.0,157.0,782.0,0.0112
2022-05-24 02:51:53,0.0212,0.0732,11.0,157.0,781.0,0.0112
2022-05-24 02:52:54,0.0212,0.0731,12.0,157.0,782.0,0.0112
2022-05-24 02:53:54,0.0212,0.0731,12.0,157.0,782.0,0.0112
2022-05-24 02:54:55,0.0211,0.0731,12.0,157.0,782.0,0.0112
2022-05-24 02:55:56,0.0211,0.073,12.0,157.0,783.0,0.0112
2022-05-24 02:56:56,0.0211,0.073,12.0,157.0,783.0,0.0112
2022-05-24 02:57:57,0.0211,0.0731,12.0,157.0,782.0,0.0112
2022-05-24 02:58:58,0.021,0.0731,12.0,157.0,783.0,0.0111
2022-05-24 02:59:58,0.021,0.0731,12.0,157.0,784.0,0.0111
2022-05-24 03:00:59,0.021,0.0731,11.0,157.0,784.0,0.0111
2022-05-24 03:02:00,0.021,0.0731,12.0,157.0,784.0,0.011
2022-05-24 03:03:00,0.0209,0.0731,12.0,157.0,784.0,0.011
2022-05-24 03:04:01,0.0209,0.0731,11.0,157.0,783.0,0.011
2022-05-24 03:05:02,0.0209,0.0731,12.0,157.0,783.0,0.011
2022-05-24 03:06:02,0.0209,0.0731,12.0,157.0,782.0,0.011
2022-05-24 03:07:03,0.0209,0.0731,11.0,157.0,782.0,0.011
2022-05-24 03:08:04,0.0208,0.0732,11.0,157.0,782.0,0.011
2022-05-24 03:09:04,0.0208,0.0731,11.0,157.0,783.0,0.011
2022-05-24 03:10:05,0.0208,0.0732,12.0,157.0,783.0,0.011
2022-05-24 03:11:06,0.0207,0.0735,12.0,157.0,782.0,0.011
2022-05-24 03:12:06,0.0206,0.0734,12.0,157.0,782.0,0.011
2022-05-24 03:13:07,0.0207,0.0733,12.0,157.0,782.0,0.0109
2022-05-24 03:14:08,0.0206,0.0733,12.0,157.0,783.0,0.0109
2022-05-24 03:15:09,0.0206,0.0732,12.0,157.0,782.0,0.0109
2022-05-24 03:16:09,0.0205,0.0732,12.0,157.0,782.0,0.0109
2022-05-24 03:17:10,0.0205,0.0731,12.0,157.0,782.0,0.0109
2022-05-24 03:18:11,0.0205,0.0732,12.0,157.0,782.0,0.0109
2022-05-24 03:19:11,0.0204,0.0732,12.0,157.0,783.0,0.0109
2022-05-24 03:20:12,0.0204,0.0732,12.0,157.0,783.0,0.0108
2022-05-24 03:21:13,0.0203,0.0732,12.0,157.0,781.0,0.0108
2022-05-24 03:22:13,0.0203,0.0731,12.0,157.0,782.0,0.0108
2022-05-24 03:23:14,0.0203,0.0732,11.0,157.0,782.0,0.0107
2022-05-24 03:24:15,0.0203,0.0732,12.0,157.0,782.0,0.0107
2022-05-24 03:25:15,0.0202,0.0731,12.0,157.0,782.0,0.0107
2022-05-24 03:26:16,0.0202,0.0731,12.0,157.0,783.0,0.0107
2022-05-24 03:27:17,0.0202,0.0731,12.0,157.0,782.0,0.0107
2022-05-24 03:28:17,0.0201,0.0732,12.0,157.0,783.0,0.0107
2022-05-24 03:29:18,0.0201,0.0733,12.0,157.0,782.0,0.0107
2022-05-24 03:30:19,0.02,0.0734,12.0,157.0,782.0,0.0107
2022-05-24 03:31:19,0.02,0.0735,12.0,157.0,782.0,0.0107
2022-05-24 03:32:20,0.02,0.0736,12.0,157.0,782.0,0.0107
2022-05-24 03:33:20,0.02,0.0736,12.0,157.0,782.0,0.0106
2022-05-24 03:34:21,0.02,0.0737,12.0,157.0,782.0,0.0106
2022-05-24 03:35:22,0.02,0.0737,12.0,157.0,782.0,0.0106
2022-05-24 03:36:22,0.0199,0.0737,12.0,157.0,782.0,0.0106
2022-05-24 03:37:23,0.0199,0.0737,12.0,157.0,782.0,0.0106
2022-05-24 03:38:24,0.0199,0.0737,12.0,157.0,783.0,0.0106
2022-05-24 03:39:24,0.0198,0.0736,12.0,157.0,782.0,0.0105
2022-05-24 03:40:25,0.0198,0.0736,12.0,157.0,783.0,0.0105
2022-05-24 03:41:26,0.0198,0.0736,12.0,157.0,782.0,0.0105
2022-05-24 03:42:26,0.0198,0.0736,12.0,157.0,783.0,0.0105
2022-05-24 03:43:27,0.0198,0.0736,12.0,157.0,783.0,0.0105
2022-05-24 03:44:28,0.0197,0.0735,12.0,157.0,782.0,0.0105
2022-05-24 03:45:28,0.0197,0.0735,12.0,157.0,783.0,0.0105
2022-05-24 03:46:29,0.0197,0.0736,12.0,157.0,782.0,0.0104
2022-05-24 03:47:30,0.0197,0.0736,12.0,157.0,783.0,0.0105
2022-05-24 03:48:30,0.0196,0.0736,12.0,157.0,782.0,0.0104
2022-05-24 03:49:31,0.0196,0.0736,12.0,157.0,782.0,0.0104
2022-05-24 03:50:31,0.0196,0.0736,12.0,157.0,782.0,0.0104
2022-05-24 03:51:32,0.0195,0.0736,12.0,157.0,782.0,0.0104
2022-05-24 03:52:33,0.0195,0.0737,12.0,157.0,782.0,0.0104
2022-05-24 03:53:33,0.0195,0.0736,12.0,157.0,782.0,0.0104
2022-05-24 03:54:34,0.0194,0.0737,12.0,157.0,782.0,0.0104
2022-05-24 03:55:35,0.0194,0.0737,12.0,157.0,782.0,0.0103
2022-05-24 03:56:36,0.0194,0.0737,12.0,157.0,782.0,0.0103
2022-05-24 03:57:36,0.0194,0.0736,12.0,157.0,782.0,0.0103
2022-05-24 03:58:37,0.0194,0.0739,12.0,157.0,783.0,0.0103
2022-05-24 03:59:38,0.0194,0.0738,11.0,157.0,783.0,0.0103
2022-05-24 04:00:38,0.0193,0.0738,12.0,157.0,782.0,0.0103
2022-05-24 04:01:39,0.0193,0.0737,12.0,157.0,782.0,0.0102
2022-05-24 04:02:39,0.0193,0.0737,11.0,157.0,782.0,0.0102
2022-05-24 04:03:40,0.0192,0.0737,11.0,157.0,781.0,0.0102
2022-05-24 04:04:41,0.0192,0.0737,12.0,157.0,782.0,0.0102
2022-05-24 04:05:42,0.0191,0.0737,12.0,157.0,782.0,0.0102
2022-05-24 04:06:43,0.0191,0.0736,12.0,157.0,782.0,0.0102
2022-05-24 04:07:43,0.0191,0.0737,12.0,157.0,782.0,0.0102
2022-05-24 04:08:44,0.0191,0.0737,12.0,157.0,781.0,0.0102
2022-05-24 04:09:45,0.0191,0.0737,12.0,157.0,783.0,0.0101
2022-05-24 04:10:45,0.0191,0.0737,11.0,157.0,782.0,0.0101
2022-05-24 04:11:46,0.0191,0.0736,11.0,157.0,782.0,0.0101
2022-05-24 04:12:47,0.0191,0.0736,12.0,157.0,782.0,0.0101
2022-05-24 04:13:47,0.0191,0.0736,11.0,157.0,782.0,0.0101
2022-05-24 04:14:48,0.0191,0.0737,12.0,157.0,782.0,0.0101
2022-05-24 04:15:48,0.019,0.0737,12.0,157.0,783.0,0.0101
2022-05-24 04:16:49,0.019,0.0737,12.0,157.0,782.0,0.0101
2022-05-24 04:17:50,0.019,0.0736,11.0,157.0,782.0,0.01
2022-05-24 04:18:50,0.0189,0.0738,11.0,157.0,782.0,0.01
2022-05-24 04:19:51,0.0189,0.0739,11.0,157.0,782.0,0.01
2022-05-24 04:20:52,0.0189,0.0739,12.0,157.0,781.0,0.01
2022-05-24 04:21:53,0.0189,0.0741,12.0,157.0,782.0,0.01
2022-05-24 04:22:53,0.0189,0.0741,12.0,157.0,782.0,0.01
2022-05-24 04:23:54,0.0189,0.0741,12.0,157.0,782.0,0.00999
2022-05-24 04:24:55,0.0189,0.0741,12.0,157.0,783.0,0.00998
2022-05-24 04:25:55,0.0189,0.0741,12.0,157.0,782.0,0.00997
2022-05-24 04:26:56,0.0189,0.0741,11.0,157.0,782.0,0.00995
2022-05-24 04:27:57,0.0189,0.0739,12.0,157.0,782.0,0.009940000000000001
2022-05-24 04:28:58,0.0188,0.074,12.0,157.0,782.0,0.00992
2022-05-24 04:29:59,0.0187,0.0739,12.0,157.0,782.0,0.0099
2022-05-24 04:30:59,0.0187,0.0739,12.0,157.0,782.0,0.009890000000000001
2022-05-24 04:32:00,0.0187,0.0739,12.0,157.0,782.0,0.00987
2022-05-24 04:33:00,0.0187,0.0738,12.0,157.0,782.0,0.009859999999999999
2022-05-24 04:34:01,0.0187,0.0738,12.0,157.0,782.0,0.00984
2022-05-24 04:35:02,0.0187,0.0739,11.0,157.0,782.0,0.00984
2022-05-24 04:36:02,0.0187,0.0738,11.0,157.0,782.0,0.0098
2022-05-24 04:37:03,0.0187,0.0739,11.0,157.0,782.0,0.00982
2022-05-24 04:38:04,0.0186,0.0739,12.0,157.0,782.0,0.0098
2022-05-24 04:39:05,0.0186,0.0739,12.0,157.0,782.0,0.00979
2022-05-24 04:40:05,0.0186,0.074,12.0,157.0,783.0,0.00979
2022-05-24 04:41:06,0.0185,0.074,12.0,157.0,783.0,0.00979
2022-05-24 04:42:06,0.0185,0.0741,12.0,157.0,782.0,0.00979
2022-05-24 04:43:07,0.0185,0.0742,11.0,157.0,782.0,0.00975
2022-05-24 04:44:08,0.0185,0.0742,11.0,157.0,782.0,0.00976
2022-05-24 04:45:08,0.0185,0.0741,12.0,157.0,783.0,0.00975
2022-05-24 04:46:09,0.0184,0.0741,11.0,157.0,782.0,0.00976
2022-05-24 04:47:10,0.0184,0.0741,12.0,157.0,782.0,0.009729999999999999
2022-05-24 04:48:10,0.0184,0.0742,12.0,157.0,782.0,0.00972
2022-05-24 04:49:11,0.0184,0.0743,11.0,157.0,783.0,0.0097
2022-05-24 04:50:12,0.0184,0.0742,12.0,157.0,783.0,0.00968
2022-05-24 04:51:12,0.0183,0.0742,12.0,157.0,783.0,0.00968
2022-05-24 04:52:13,0.0183,0.0743,12.0,157.0,783.0,0.00966
2022-05-24 04:53:14,0.0182,0.0741,12.0,157.0,782.0,0.00963
2022-05-24 04:54:14,0.0182,0.0743,12.0,157.0,782.0,0.00962
2022-05-24 04:55:15,0.0182,0.0741,11.0,157.0,782.0,0.00962
2022-05-24 04:56:16,0.0182,0.0742,12.0,157.0,782.0,0.009609999999999999
2022-05-24 04:57:17,0.0182,0.0741,12.0,157.0,782.0,0.00957
2022-05-24 04:58:17,0.0182,0.0742,12.0,157.0,782.0,0.00957
2022-05-24 04:59:18,0.0182,0.0741,12.0,157.0,781.0,0.00957
2022-05-24 05:00:18,0.0181,0.0741,12.0,157.0,783.0,0.00955
2022-05-24 05:01:19,0.0181,0.0741,11.0,157.0,782.0,0.00955
2022-05-24 05:02:20,0.0181,0.0742,11.0,157.0,783.0,0.009559999999999999
2022-05-24 05:03:20,0.0181,0.0741,11.0,157.0,782.0,0.00954
2022-05-24 05:04:21,0.018,0.0743,12.0,157.0,782.0,0.00953
2022-05-24 05:05:22,0.018,0.0741,12.0,157.0,780.0,0.00954
2022-05-24 05:06:22,0.018,0.0741,12.0,157.0,780.0,0.00952
2022-05-24 05:07:23,0.0179,0.0741,12.0,157.0,780.0,0.00952
2022-05-24 05:08:24,0.0179,0.0741,12.0,157.0,782.0,0.00951
2022-05-24 05:09:24,0.0179,0.0743,12.0,157.0,782.0,0.00951
2022-05-24 05:10:25,0.0178,0.0744,12.0,157.0,781.0,0.00948
2022-05-24 05:11:26,0.0178,0.0744,12.0,157.0,780.0,0.00946
2022-05-24 05:12:26,0.0178,0.0745,12.0,157.0,781.0,0.00945
2022-05-24 05:13:27,0.0178,0.0745,12.0,157.0,780.0,0.00943
2022-05-24 05:14:28,0.0178,0.0744,11.0,157.0,782.0,0.00941
2022-05-24 05:15:28,0.0178,0.0744,11.0,157.0,780.0,0.00939
2022-05-24 05:16:29,0.0178,0.0743,11.0,157.0,780.0,0.00937
2022-05-24 05:17:30,0.0177,0.0744,12.0,157.0,781.0,0.00935
2022-05-24 05:18:30,0.0177,0.0743,11.0,157.0,781.0,0.00935
2022-05-24 05:19:31,0.0177,0.0743,11.0,157.0,781.0,0.00935
2022-05-24 05:20:32,0.0176,0.0741,12.0,157.0,781.0,0.00935
2022-05-24 05:21:32,0.0176,0.0743,12.0,157.0,780.0,0.00932
2022-05-24 05:22:33,0.0176,0.0743,11.0,157.0,781.0,0.00933
2022-05-24 05:23:34,0.0176,0.0741,12.0,157.0,781.0,0.00933
2022-05-24 05:24:34,0.0175,0.0743,11.0,157.0,780.0,0.009309999999999999
2022-05-24 05:25:35,0.0175,0.0743,12.0,157.0,781.0,0.0093
2022-05-24 05:26:35,0.0175,0.0742,12.0,157.0,781.0,0.00933
2022-05-24 05:27:36,0.0175,0.0741,12.0,157.0,781.0,0.009309999999999999
2022-05-24 05:28:37,0.0175,0.0744,11.0,157.0,780.0,0.0093
2022-05-24 05:29:37,0.0174,0.0744,11.0,157.0,782.0,0.0093
2022-05-24 05:30:38,0.0175,0.0743,11.0,157.0,781.0,0.009290000000000001
2022-05-24 05:31:39,0.0174,0.0745,12.0,157.0,781.0,0.00927
2022-05-24 05:32:39,0.0174,0.0745,12.0,157.0,781.0,0.00925
2022-05-24 05:33:40,0.0174,0.0746,12.0,157.0,780.0,0.00923
2022-05-24 05:34:41,0.0174,0.0747,12.0,157.0,781.0,0.00922
2022-05-24 05:35:42,0.0173,0.0746,12.0,157.0,780.0,0.0092
2022-05-24 05:36:43,0.0173,0.0746,12.0,157.0,781.0,0.00919
2022-05-24 05:37:43,0.0173,0.0746,12.0,157.0,782.0,0.00916
2022-05-24 05:38:44,0.0173,0.0746,12.0,157.0,781.0,0.00915
2022-05-24 05:39:44,0.0173,0.0746,12.0,157.0,780.0,0.00913
2022-05-24 05:40:45,0.0173,0.0746,12.0,157.0,782.0,0.00912
2022-05-24 05:41:45,0.0172,0.0746,12.0,157.0,781.0,0.00909
2022-05-24 05:42:46,0.0172,0.0746,11.0,157.0,781.0,0.0091
2022-05-24 05:43:47,0.0172,0.0745,11.0,157.0,780.0,0.00909
2022-05-24 05:44:48,0.0171,0.0747,11.0,157.0,780.0,0.00908
2022-05-24 05:45:48,0.0171,0.0745,12.0,157.0,780.0,0.00907
2022-05-24 05:46:49,0.0171,0.0745,12.0,157.0,781.0,0.00907
2022-05-24 05:47:50,0.0171,0.0745,11.0,157.0,780.0,0.009059999999999999
2022-05-24 05:48:50,0.017,0.0745,11.0,157.0,781.0,0.00905
2022-05-24 05:49:51,0.0171,0.0745,12.0,157.0,780.0,0.009059999999999999
2022-05-24 05:50:52,0.017,0.0746,12.0,157.0,780.0,0.00907
2022-05-24 05:51:52,0.017,0.0747,11.0,157.0,780.0,0.009040000000000001
2022-05-24 05:52:53,0.017,0.0746,11.0,157.0,781.0,0.009040000000000001
2022-05-24 05:53:54,0.017,0.0747,12.0,157.0,781.0,0.00903
2022-05-24 05:54:55,0.017,0.0746,12.0,157.0,780.0,0.00902
2022-05-24 05:55:55,0.017,0.0747,11.0,157.0,780.0,0.009
2022-05-24 05:56:56,0.017,0.0746,12.0,157.0,780.0,0.009
2022-05-24 05:57:57,0.017,0.0745,12.0,157.0,781.0,0.00897
2022-05-24 05:58:57,0.017,0.0747,11.0,157.0,780.0,0.00894
2022-05-24 05:59:58,0.017,0.0747,11.0,157.0,781.0,0.00895
2022-05-24 06:00:58,0.017,0.0747,12.0,157.0,782.0,0.00894
2022-05-24 06:01:59,0.0169,0.0748,12.0,157.0,780.0,0.00893
2022-05-24 06:03:00,0.0169,0.0748,12.0,157.0,780.0,0.00892
2022-05-24 06:04:01,0.0169,0.0747,11.0,157.0,781.0,0.008879999999999999
2022-05-24 06:05:01,0.0169,0.0747,11.0,157.0,781.0,0.008870000000000001
2022-05-24 06:06:02,0.0169,0.0748,12.0,157.0,781.0,0.008870000000000001
2022-05-24 06:07:03,0.0168,0.0747,11.0,157.0,781.0,0.008870000000000001
2022-05-24 06:08:03,0.0168,0.0747,11.0,157.0,781.0,0.00885
2022-05-24 06:09:04,0.0168,0.0748,12.0,157.0,780.0,0.008870000000000001
2022-05-24 06:10:05,0.0168,0.0747,12.0,157.0,780.0,0.00884
2022-05-24 06:11:05,0.0168,0.0746,12.0,157.0,780.0,0.00886
2022-05-24 06:12:06,0.0168,0.0746,12.0,157.0,780.0,0.00884
2022-05-24 06:13:07,0.0167,0.0746,12.0,157.0,782.0,0.00882
2022-05-24 06:14:08,0.0167,0.0747,11.0,157.0,781.0,0.00883
2022-05-24 06:15:08,0.0167,0.0747,11.0,157.0,780.0,0.00882
2022-05-24 06:16:09,0.0167,0.0747,11.0,157.0,781.0,0.00881
2022-05-24 06:17:10,0.0167,0.0746,11.0,157.0,782.0,0.0088
2022-05-24 06:18:11,0.0167,0.0747,12.0,157.0,781.0,0.008790000000000001
2022-05-24 06:19:11,0.0166,0.0747,11.0,157.0,781.0,0.00878
2022-05-24 06:20:12,0.0166,0.0747,12.0,157.0,780.0,0.00878
2022-05-24 06:21:12,0.0166,0.0748,12.0,157.0,780.0,0.00877
2022-05-24 06:22:13,0.0166,0.0748,11.0,157.0,782.0,0.00875
2022-05-24 06:23:14,0.0166,0.0748,12.0,157.0,780.0,0.00875
2022-05-24 06:24:14,0.0165,0.0751,12.0,157.0,780.0,0.00875
2022-05-24 06:25:15,0.0165,0.0751,11.0,157.0,780.0,0.00872
2022-05-24 06:26:16,0.0165,0.0752,12.0,157.0,781.0,0.0087
2022-05-24 06:27:16,0.0165,0.0752,12.0,157.0,780.0,0.00868
2022-05-24 06:28:17,0.0165,0.0752,11.0,157.0,781.0,0.00868
2022-05-24 06:29:18,0.0165,0.0752,12.0,157.0,781.0,0.00868
2022-05-24 06:30:18,0.0165,0.0752,12.0,157.0,780.0,0.00868
2022-05-24 06:31:19,0.0164,0.0751,11.0,157.0,780.0,0.00866
2022-05-24 06:32:19,0.0164,0.075,11.0,157.0,782.0,0.00866
2022-05-24 06:33:20,0.0164,0.0751,11.0,157.0,781.0,0.00863
2022-05-24 06:34:21,0.0164,0.0748,11.0,157.0,782.0,0.00864
2022-05-24 06:35:21,0.0164,0.075,12.0,157.0,781.0,0.00864
2022-05-24 06:36:22,0.0164,0.0748,11.0,157.0,781.0,0.00863
2022-05-24 06:37:23,0.0163,0.0748,12.0,157.0,781.0,0.008620000000000001
2022-05-24 06:38:23,0.0163,0.0749,11.0,157.0,782.0,0.00861
2022-05-24 06:39:24,0.0163,0.075,12.0,157.0,780.0,0.00861
2022-05-24 06:40:25,0.0162,0.075,12.0,157.0,780.0,0.0086
2022-05-24 06:41:25,0.0162,0.0749,11.0,157.0,780.0,0.0086
2022-05-24 06:42:26,0.0162,0.075,11.0,157.0,781.0,0.008579999999999999
2022-05-24 06:43:27,0.0162,0.0751,12.0,157.0,780.0,0.008579999999999999
2022-05-24 06:44:27,0.0162,0.0752,12.0,157.0,781.0,0.00857
2022-05-24 06:45:28,0.0162,0.0752,11.0,157.0,781.0,0.00855
2022-05-24 06:46:29,0.0161,0.0751,12.0,157.0,780.0,0.00853
2022-05-24 06:47:30,0.0161,0.0752,11.0,157.0,780.0,0.00852
2022-05-24 06:48:30,0.0161,0.0752,12.0,157.0,782.0,0.00851
2022-05-24 06:49:31,0.0161,0.0752,12.0,157.0,781.0,0.00852
2022-05-24 06:50:32,0.0161,0.0753,11.0,157.0,781.0,0.0085
2022-05-24 06:51:32,0.0161,0.0753,12.0,157.0,779.0,0.00848
2022-05-24 06:52:33,0.0161,0.0753,11.0,157.0,780.0,0.00847
2022-05-24 06:53:33,0.0161,0.0752,11.0,157.0,780.0,0.00847
2022-05-24 06:54:34,0.016,0.0753,12.0,157.0,780.0,0.008459999999999999
2022-05-24 06:55:35,0.016,0.0752,11.0,157.0,781.0,0.008440000000000001
2022-05-24 06:56:36,0.016,0.0752,12.0,157.0,781.0,0.008409999999999999
2022-05-24 06:57:36,0.016,0.0752,12.0,157.0,780.0,0.00843
2022-05-24 06:58:37,0.016,0.0752,12.0,157.0,780.0,0.00843
2022-05-24 06:59:37,0.016,0.0752,12.0,157.0,781.0,0.00842
2022-05-24 07:00:38,0.016,0.0752,12.0,157.0,781.0,0.008409999999999999
2022-05-24 07:01:39,0.016,0.0751,12.0,157.0,781.0,0.0084
2022-05-24 07:02:40,0.0159,0.0752,12.0,157.0,781.0,0.008409999999999999
2022-05-24 07:03:40,0.016,0.0752,12.0,157.0,782.0,0.008409999999999999
2022-05-24 07:04:41,0.0159,0.0752,11.0,157.0,780.0,0.008409999999999999
2022-05-24 07:05:42,0.0159,0.0752,11.0,157.0,781.0,0.00839
2022-05-24 07:06:42,0.0159,0.0753,12.0,157.0,781.0,0.008409999999999999
2022-05-24 07:07:43,0.0159,0.0753,12.0,157.0,780.0,0.00839
2022-05-24 07:08:44,0.0159,0.0753,11.0,157.0,780.0,0.00839
2022-05-24 07:09:44,0.0159,0.0753,11.0,157.0,781.0,0.00839
2022-05-24 07:10:45,0.0159,0.0755,11.0,157.0,781.0,0.00838
2022-05-24 07:11:46,0.0158,0.0755,12.0,157.0,781.0,0.00837
2022-05-24 07:12:46,0.0158,0.0757,11.0,157.0,781.0,0.00838
2022-05-24 07:13:47,0.0158,0.0757,11.0,157.0,780.0,0.00835
2022-05-24 07:14:48,0.0158,0.0757,12.0,157.0,780.0,0.00835
2022-05-24 07:15:48,0.0159,0.0757,11.0,157.0,782.0,0.00834
2022-05-24 07:16:49,0.0158,0.0756,12.0,157.0,781.0,0.008320000000000001
2022-05-24 07:17:50,0.0158,0.0756,12.0,157.0,781.0,0.0083
2022-05-24 07:18:51,0.0158,0.0756,11.0,157.0,780.0,0.00829
2022-05-24 07:19:52,0.0158,0.0756,12.0,157.0,781.0,0.00828
2022-05-24 07:20:52,0.0158,0.0756,12.0,157.0,781.0,0.00826
2022-05-24 07:21:53,0.0157,0.0755,11.0,157.0,782.0,0.00825
2022-05-24 07:22:54,0.0158,0.0756,12.0,157.0,781.0,0.00824
2022-05-24 07:23:54,0.0157,0.0756,12.0,157.0,782.0,0.00824
2022-05-24 07:24:55,0.0157,0.0755,11.0,157.0,782.0,0.00823
2022-05-24 07:25:56,0.0157,0.0755,11.0,157.0,782.0,0.00823
2022-05-24 07:26:57,0.0157,0.0756,12.0,157.0,782.0,0.00821
2022-05-24 07:27:57,0.0156,0.0757,12.0,157.0,782.0,0.0082
2022-05-24 07:28:58,0.0156,0.0757,12.0,157.0,783.0,0.0082
2022-05-24 07:29:58,0.0156,0.0758,12.0,157.0,782.0,0.0082
2022-05-24 07:30:59,0.0156,0.0758,12.0,157.0,782.0,0.008190000000000001
2022-05-24 07:32:00,0.0156,0.0757,11.0,157.0,783.0,0.008190000000000001
2022-05-24 07:33:00,0.0156,0.0757,12.0,157.0,783.0,0.0082
2022-05-24 07:34:01,0.0156,0.0757,12.0,157.0,782.0,0.008190000000000001
2022-05-24 07:35:01,0.0156,0.0759,12.0,157.0,782.0,0.008159999999999999
2022-05-24 07:36:02,0.0156,0.0759,12.0,157.0,782.0,0.00817
2022-05-24 07:37:03,0.0156,0.0758,12.0,157.0,782.0,0.00818
2022-05-24 07:38:03,0.0155,0.0758,11.0,157.0,782.0,0.00817
2022-05-24 07:39:04,0.0156,0.0759,12.0,157.0,783.0,0.00817
2022-05-24 07:40:05,0.0155,0.0758,12.0,157.0,782.0,0.008159999999999999
2022-05-24 07:41:05,0.0155,0.0757,11.0,157.0,783.0,0.008159999999999999
2022-05-24 07:42:06,0.0155,0.0757,12.0,157.0,783.0,0.008159999999999999
2022-05-24 07:43:07,0.0155,0.0757,12.0,157.0,782.0,0.00815
2022-05-24 07:44:07,0.0154,0.0758,11.0,157.0,782.0,0.00813
2022-05-24 07:45:08,0.0154,0.0758,12.0,157.0,782.0,0.00813
2022-05-24 07:46:08,0.0154,0.0757,11.0,157.0,781.0,0.00813
2022-05-24 07:47:09,0.0154,0.0757,11.0,157.0,782.0,0.00811
2022-05-24 07:48:10,0.0154,0.0759,12.0,157.0,783.0,0.0081
2022-05-24 07:49:11,0.0154,0.0758,12.0,157.0,782.0,0.00809
2022-05-24 07:50:11,0.0153,0.0758,12.0,157.0,782.0,0.00808
2022-05-24 07:51:12,0.0153,0.0759,12.0,157.0,782.0,0.00807
2022-05-24 07:52:13,0.0153,0.076,12.0,157.0,782.0,0.00806
2022-05-24 07:53:13,0.0153,0.0761,12.0,157.0,782.0,0.00805
2022-05-24 07:54:14,0.0153,0.0762,12.0,157.0,782.0,0.008029999999999999
2022-05-24 07:55:15,0.0153,0.0763,12.0,157.0,782.0,0.008029999999999999
2022-05-24 07:56:15,0.0153,0.0763,12.0,157.0,782.0,0.008020000000000001
2022-05-24 07:57:16,0.0153,0.0763,12.0,157.0,782.0,0.008020000000000001
2022-05-24 07:58:17,0.0153,0.0763,12.0,157.0,782.0,0.008020000000000001
2022-05-24 07:59:17,0.0152,0.0764,12.0,157.0,783.0,0.00801
2022-05-24 08:00:18,0.0152,0.0762,12.0,157.0,783.0,0.008
2022-05-24 08:01:19,0.0152,0.0762,12.0,157.0,782.0,0.00799
2022-05-24 08:02:19,0.0152,0.0762,12.0,157.0,782.0,0.008
2022-05-24 08:03:20,0.0152,0.0762,12.0,157.0,782.0,0.008
2022-05-24 08:04:21,0.0152,0.0763,12.0,157.0,782.0,0.008
2022-05-24 08:05:21,0.0152,0.0762,12.0,157.0,781.0,0.008
2022-05-24 08:06:22,0.0152,0.0764,12.0,157.0,782.0,0.00799
2022-05-24 08:07:23,0.0152,0.0762,12.0,157.0,781.0,0.00799
2022-05-24 08:08:24,0.0152,0.0762,12.0,157.0,782.0,0.00799
2022-05-24 08:09:24,0.0151,0.0764,12.0,157.0,782.0,0.00799
2022-05-24 08:10:25,0.0151,0.0763,12.0,157.0,782.0,0.00799
2022-05-24 08:11:26,0.0151,0.0763,12.0,157.0,783.0,0.00797
2022-05-24 08:12:26,0.0151,0.0763,12.0,157.0,782.0,0.00796
2022-05-24 08:13:27,0.0151,0.0763,12.0,157.0,782.0,0.00796
2022-05-24 08:14:28,0.0151,0.0765,12.0,157.0,782.0,0.00795
2022-05-24 08:15:28,0.0151,0.0763,12.0,157.0,782.0,0.00795
2022-05-24 08:16:29,0.0151,0.0765,12.0,157.0,783.0,0.00795
2022-05-24 08:17:30,0.0151,0.0765,12.0,157.0,782.0,0.007940000000000001
2022-05-24 08:18:30,0.015,0.0765,12.0,157.0,782.0,0.00792
2022-05-24 08:19:31,0.015,0.0764,12.0,157.0,782.0,0.007909999999999999
2022-05-24 08:20:32,0.015,0.0764,12.0,157.0,782.0,0.007890000000000001
2022-05-24 08:21:32,0.015,0.0764,12.0,157.0,782.0,0.007890000000000001
2022-05-24 08:22:33,0.015,0.0764,12.0,157.0,782.0,0.00788
2022-05-24 08:23:34,0.015,0.0764,12.0,157.0,782.0,0.00785
2022-05-24 08:24:34,0.015,0.0764,12.0,157.0,784.0,0.007859999999999999
2022-05-24 08:25:35,0.015,0.0765,12.0,157.0,784.0,0.00784
2022-05-24 08:26:36,0.0149,0.0765,12.0,157.0,783.0,0.00783
2022-05-24 08:27:37,0.0149,0.0764,12.0,157.0,784.0,0.00782
2022-05-24 08:28:37,0.0149,0.0765,12.0,157.0,783.0,0.0078
2022-05-24 08:29:38,0.0149,0.0765,12.0,157.0,783.0,0.007809999999999999
2022-05-24 08:30:39,0.0149,0.0765,12.0,157.0,785.0,0.007809999999999999
2022-05-24 08:31:39,0.0149,0.0766,12.0,157.0,783.0,0.007790000000000001
2022-05-24 08:32:40,0.0149,0.0768,12.0,157.0,784.0,0.0078
2022-05-24 08:33:41,0.0149,0.0768,12.0,157.0,783.0,0.00777
2022-05-24 08:34:41,0.0149,0.0769,12.0,157.0,783.0,0.00777
2022-05-24 08:35:42,0.0149,0.0769,12.0,157.0,783.0,0.0077599999999999995
2022-05-24 08:36:43,0.0149,0.077,12.0,157.0,784.0,0.00777
2022-05-24 08:37:43,0.0149,0.0769,12.0,157.0,783.0,0.00777
2022-05-24 08:38:44,0.0148,0.0769,12.0,157.0,783.0,0.00777
2022-05-24 08:39:45,0.0148,0.0769,12.0,157.0,783.0,0.00777
2022-05-24 08:40:45,0.0148,0.0769,12.0,157.0,783.0,0.0077599999999999995
2022-05-24 08:41:46,0.0148,0.077,12.0,157.0,784.0,0.00775
2022-05-24 08:42:46,0.0148,0.0769,12.0,157.0,783.0,0.00777
2022-05-24 08:43:47,0.0148,0.077,12.0,157.0,784.0,0.00775
2022-05-24 08:44:48,0.0148,0.0769,12.0,157.0,784.0,0.00775
2022-05-24 08:45:49,0.0147,0.0769,12.0,157.0,784.0,0.00775
2022-05-24 08:46:50,0.0147,0.0769,12.0,157.0,783.0,0.00773
2022-05-24 08:47:50,0.0147,0.0769,12.0,157.0,784.0,0.00775
2022-05-24 08:48:51,0.0147,0.0769,12.0,157.0,784.0,0.00773
2022-05-24 08:49:51,0.0147,0.077,12.0,157.0,784.0,0.00773
2022-05-24 08:50:52,0.0147,0.0769,12.0,157.0,784.0,0.00772
2022-05-24 08:51:53,0.0146,0.077,12.0,157.0,784.0,0.00772
2022-05-24 08:52:53,0.0146,0.0769,12.0,157.0,784.0,0.0077
2022-05-24 08:53:54,0.0146,0.0769,12.0,157.0,784.0,0.0077
2022-05-24 08:54:55,0.0146,0.077,12.0,157.0,784.0,0.007690000000000001
2022-05-24 08:55:55,0.0146,0.0771,12.0,157.0,784.0,0.007679999999999999
2022-05-24 08:56:56,0.0146,0.0773,12.0,157.0,785.0,0.007679999999999999
2022-05-24 08:57:57,0.0146,0.0771,12.0,157.0,784.0,0.007659999999999999
2022-05-24 08:58:57,0.0146,0.0771,12.0,157.0,784.0,0.00765
2022-05-24 08:59:58,0.0146,0.0771,12.0,157.0,784.0,0.007640000000000001
2022-05-24 09:00:59,0.0146,0.077,12.0,157.0,784.0,0.007640000000000001
2022-05-24 09:01:59,0.0146,0.077,12.0,157.0,784.0,0.00763
2022-05-24 09:03:00,0.0146,0.077,12.0,157.0,783.0,0.00762
2022-05-24 09:04:01,0.0146,0.077,12.0,157.0,784.0,0.00762
2022-05-24 09:05:02,0.0146,0.077,12.0,157.0,783.0,0.00761
2022-05-24 09:06:02,0.0146,0.0771,12.0,157.0,784.0,0.0076
2022-05-24 09:07:03,0.0146,0.077,12.0,157.0,785.0,0.00759
2022-05-24 09:08:04,0.0145,0.0771,12.0,157.0,784.0,0.00758
2022-05-24 09:09:04,0.0145,0.0772,12.0,157.0,784.0,0.00758
2022-05-24 09:10:05,0.0145,0.0771,12.0,157.0,784.0,0.00757
2022-05-24 09:11:06,0.0145,0.0773,12.0,157.0,784.0,0.007559999999999999
2022-05-24 09:12:06,0.0145,0.0774,12.0,157.0,783.0,0.007559999999999999
2022-05-24 09:13:07,0.0144,0.0775,12.0,157.0,784.0,0.007559999999999999
2022-05-24 09:14:08,0.0144,0.0775,12.0,157.0,783.0,0.00755
2022-05-24 09:15:08,0.0145,0.0775,12.0,157.0,785.0,0.007540000000000001
2022-05-24 09:16:09,0.0144,0.0774,12.0,157.0,785.0,0.007529999999999999
2022-05-24 09:17:10,0.0144,0.0775,12.0,157.0,784.0,0.007540000000000001
2022-05-24 09:18:10,0.0144,0.0774,12.0,157.0,784.0,0.007540000000000001
2022-05-24 09:19:11,0.0144,0.0775,12.0,157.0,783.0,0.007529999999999999
2022-05-24 09:20:12,0.0144,0.0775,12.0,157.0,783.0,0.007520000000000001
2022-05-24 09:21:12,0.0144,0.0775,12.0,157.0,784.0,0.007520000000000001
2022-05-24 09:22:13,0.0144,0.0775,12.0,157.0,783.0,0.007520000000000001
2022-05-24 09:23:14,0.0144,0.0774,12.0,157.0,784.0,0.007509999999999999
2022-05-24 09:24:15,0.0143,0.0774,12.0,157.0,783.0,0.007509999999999999
2022-05-24 09:25:15,0.0143,0.0774,12.0,157.0,784.0,0.0075
2022-05-24 09:26:16,0.0143,0.0774,12.0,157.0,784.0,0.007490000000000001
2022-05-24 09:27:17,0.0143,0.0775,12.0,157.0,784.0,0.00748
2022-05-24 09:28:17,0.0143,0.0775,12.0,157.0,784.0,0.00747
2022-05-24 09:29:18,0.0143,0.0775,12.0,157.0,783.0,0.00746
2022-05-24 09:30:19,0.0143,0.0775,12.0,157.0,784.0,0.00746
2022-05-24 09:31:19,0.0143,0.0774,12.0,157.0,783.0,0.00746
2022-05-24 09:32:20,0.0143,0.0775,12.0,157.0,784.0,0.00745
2022-05-24 09:33:21,0.0143,0.0775,12.0,157.0,784.0,0.00744
2022-05-24 09:34:21,0.0143,0.0778,12.0,157.0,784.0,0.00743
2022-05-24 09:35:22,0.0143,0.0776,12.0,157.0,783.0,0.00742
2022-05-24 09:36:22,0.0142,0.0775,13.0,157.0,784.0,0.007409999999999999
2022-05-24 09:37:23,0.0142,0.0775,12.0,157.0,785.0,0.007409999999999999
2022-05-24 09:38:24,0.0142,0.0776,12.0,157.0,786.0,0.007409999999999999
2022-05-24 09:39:24,0.0142,0.0775,12.0,157.0,784.0,0.007390000000000001
2022-05-24 09:40:25,0.0142,0.0776,12.0,157.0,784.0,0.007390000000000001
2022-05-24 09:41:26,0.0142,0.0776,12.0,157.0,784.0,0.007379999999999999
2022-05-24 09:42:27,0.0142,0.0774,12.0,157.0,786.0,0.007379999999999999
2022-05-24 09:43:27,0.0142,0.0775,12.0,157.0,785.0,0.007379999999999999
2022-05-24 09:44:28,0.0142,0.0775,12.0,157.0,786.0,0.007370000000000001
2022-05-24 09:45:29,0.0142,0.0775,12.0,157.0,785.0,0.007370000000000001
2022-05-24 09:46:29,0.0142,0.0775,12.0,157.0,786.0,0.007370000000000001
2022-05-24 09:47:30,0.0141,0.0776,12.0,157.0,785.0,0.007359999999999999
2022-05-24 09:48:31,0.0141,0.0778,12.0,157.0,784.0,0.00735
2022-05-24 09:49:31,0.0142,0.0779,12.0,157.0,784.0,0.00734
2022-05-24 09:50:32,0.0141,0.078,12.0,157.0,784.0,0.00735
2022-05-24 09:51:32,0.0141,0.0779,12.0,157.0,785.0,0.00735
2022-05-24 09:52:33,0.0141,0.078,12.0,157.0,784.0,0.007359999999999999
2022-05-24 09:53:34,0.014,0.0782,12.0,157.0,786.0,0.00734
2022-05-24 09:54:35,0.014,0.078,12.0,157.0,786.0,0.00734
2022-05-24 09:55:35,0.014,0.078,12.0,157.0,785.0,0.00733
2022-05-24 09:56:36,0.014,0.078,12.0,157.0,786.0,0.00733
2022-05-24 09:57:37,0.014,0.078,12.0,157.0,786.0,0.00732
2022-05-24 09:58:38,0.014,0.0779,12.0,157.0,785.0,0.00732
2022-05-24 09:59:38,0.014,0.0779,12.0,157.0,785.0,0.00731
2022-05-24 10:00:39,0.014,0.078,12.0,157.0,785.0,0.00731
2022-05-24 10:01:40,0.014,0.078,12.0,157.0,785.0,0.00731
2022-05-24 10:02:40,0.014,0.0779,12.0,157.0,785.0,0.00731
2022-05-24 10:03:41,0.014,0.0779,12.0,157.0,785.0,0.0073
2022-05-24 10:04:42,0.014,0.078,12.0,157.0,786.0,0.0072900000000000005
2022-05-24 10:05:42,0.014,0.078,12.0,157.0,786.0,0.0072900000000000005
2022-05-24 10:06:43,0.014,0.078,12.0,157.0,785.0,0.00727
2022-05-24 10:07:44,0.0139,0.078,12.0,157.0,786.0,0.007259999999999999
2022-05-24 10:08:45,0.014,0.0779,12.0,157.0,784.0,0.007259999999999999
2022-05-24 10:09:45,0.0139,0.0781,12.0,157.0,786.0,0.00725
2022-05-24 10:10:46,0.014,0.0782,12.0,157.0,784.0,0.007240000000000001
2022-05-24 10:11:47,0.0139,0.0781,12.0,157.0,785.0,0.0072299999999999994
2022-05-24 10:12:47,0.0139,0.0783,12.0,157.0,785.0,0.00722
2022-05-24 10:13:48,0.0139,0.0782,12.0,157.0,786.0,0.0072
2022-05-24 10:14:49,0.0139,0.0781,12.0,157.0,784.0,0.0072
2022-05-24 10:15:50,0.0139,0.078,12.0,157.0,785.0,0.00719
2022-05-24 10:16:50,0.0139,0.078,12.0,157.0,784.0,0.00718
2022-05-24 10:17:51,0.0139,0.078,13.0,157.0,785.0,0.00717
2022-05-24 10:18:52,0.0139,0.078,12.0,157.0,786.0,0.00717
2022-05-24 10:19:53,0.0138,0.078,12.0,157.0,785.0,0.00716
2022-05-24 10:20:53,0.0139,0.0782,12.0,157.0,785.0,0.00715
2022-05-24 10:21:54,0.0138,0.078,12.0,157.0,785.0,0.00715
2022-05-24 10:22:55,0.0138,0.078,12.0,157.0,785.0,0.00715
2022-05-24 10:23:55,0.0138,0.0781,12.0,157.0,785.0,0.0071400000000000005
2022-05-24 10:24:56,0.0138,0.078,12.0,157.0,785.0,0.0071400000000000005
2022-05-24 10:25:57,0.0138,0.078,12.0,157.0,785.0,0.00713
2022-05-24 10:26:57,0.0138,0.0782,12.0,157.0,785.0,0.00713
2022-05-24 10:27:58,0.0138,0.0783,12.0,157.0,785.0,0.00713
2022-05-24 10:28:59,0.0138,0.0783,12.0,157.0,784.0,0.00713
2022-05-24 10:29:59,0.0138,0.0784,12.0,157.0,784.0,0.00713
2022-05-24 10:31:00,0.0138,0.0786,12.0,157.0,786.0,0.00713
2022-05-24 10:32:01,0.0138,0.0785,12.0,157.0,785.0,0.00713
2022-05-24 10:33:02,0.0138,0.0786,12.0,157.0,784.0,0.00713
2022-05-24 10:34:02,0.0137,0.0787,12.0,157.0,786.0,0.0071200000000000005
2022-05-24 10:35:03,0.0137,0.0786,12.0,157.0,785.0,0.0071
2022-05-24 10:36:04,0.0137,0.0786,13.0,157.0,786.0,0.007109999999999999
2022-05-24 10:37:04,0.0137,0.0785,12.0,157.0,784.0,0.0071200000000000005
2022-05-24 10:38:05,0.0137,0.0786,13.0,157.0,784.0,0.007109999999999999
2022-05-24 10:39:05,0.0137,0.0784,12.0,157.0,785.0,0.0071
2022-05-24 10:40:06,0.0137,0.0784,12.0,157.0,785.0,0.007109999999999999
2022-05-24 10:41:07,0.0136,0.0784,12.0,157.0,785.0,0.0071
2022-05-24 10:42:08,0.0137,0.0786,12.0,157.0,785.0,0.007090000000000001
2022-05-24 10:43:08,0.0136,0.0785,12.0,157.0,784.0,0.007090000000000001
2022-05-24 10:44:09,0.0136,0.0785,12.0,157.0,785.0,0.007090000000000001
2022-05-24 10:45:10,0.0136,0.0786,13.0,157.0,785.0,0.007090000000000001
2022-05-24 10:46:10,0.0136,0.0785,12.0,157.0,785.0,0.00707
2022-05-24 10:47:11,0.0136,0.0784,12.0,157.0,785.0,0.0070799999999999995
2022-05-24 10:48:12,0.0136,0.0785,12.0,157.0,786.0,0.00705
2022-05-24 10:49:12,0.0136,0.0787,13.0,157.0,786.0,0.00705
2022-05-24 10:50:13,0.0136,0.0788,12.0,157.0,785.0,0.00705
2022-05-24 10:51:14,0.0136,0.0787,13.0,157.0,785.0,0.00705
2022-05-24 10:52:14,0.0136,0.0787,12.0,157.0,785.0,0.00703
2022-05-24 10:53:15,0.0135,0.0787,12.0,157.0,786.0,0.00702
2022-05-24 10:54:16,0.0136,0.0785,12.0,157.0,784.0,0.00701
2022-05-24 10:55:16,0.0135,0.0786,12.0,157.0,786.0,0.007
2022-05-24 10:56:17,0.0135,0.0785,12.0,157.0,785.0,0.0069900000000000006
2022-05-24 10:57:17,0.0135,0.0787,12.0,157.0,785.0,0.0069700000000000005
2022-05-24 10:58:18,0.0135,0.0787,12.0,157.0,785.0,0.006959999999999999
2022-05-24 10:59:19,0.0135,0.0785,12.0,157.0,786.0,0.00695
2022-05-24 11:00:20,0.0135,0.0786,12.0,157.0,786.0,0.00695
2022-05-24 11:01:20,0.0135,0.0785,12.0,157.0,786.0,0.006940000000000001
2022-05-24 11:02:21,0.0135,0.0786,12.0,157.0,785.0,0.006940000000000001
2022-05-24 11:03:22,0.0135,0.0787,12.0,157.0,784.0,0.0069299999999999995
2022-05-24 11:04:23,0.0135,0.0787,12.0,157.0,786.0,0.00692
2022-05-24 11:05:23,0.0135,0.0787,12.0,157.0,784.0,0.0069099999999999995
2022-05-24 11:06:24,0.0134,0.0788,12.0,157.0,786.0,0.0069099999999999995
2022-05-24 11:07:25,0.0134,0.0789,12.0,157.0,786.0,0.0069
2022-05-24 11:08:25,0.0134,0.0791,12.0,157.0,786.0,0.0069099999999999995
2022-05-24 11:09:26,0.0134,0.079,12.0,157.0,786.0,0.0069
2022-05-24 11:10:26,0.0134,0.0791,12.0,157.0,785.0,0.00689
2022-05-24 11:11:27,0.0134,0.0791,12.0,157.0,785.0,0.00688
2022-05-24 11:12:28,0.0134,0.0791,12.0,157.0,786.0,0.00688
2022-05-24 11:13:29,0.0134,0.0792,12.0,157.0,786.0,0.00688
2022-05-24 11:14:29,0.0134,0.079,12.0,157.0,786.0,0.00688
2022-05-24 11:15:30,0.0134,0.0788,12.0,157.0,786.0,0.00688
2022-05-24 11:16:31,0.0134,0.0789,12.0,157.0,785.0,0.00688
2022-05-24 11:17:32,0.0134,0.0789,12.0,157.0,786.0,0.00688
2022-05-24 11:18:32,0.0134,0.0788,12.0,157.0,786.0,0.00688
2022-05-24 11:19:33,0.0134,0.0788,12.0,157.0,784.0,0.00688
2022-05-24 11:20:34,0.0134,0.0787,12.0,157.0,785.0,0.00687
2022-05-24 11:21:34,0.0134,0.0789,12.0,157.0,784.0,0.00688
2022-05-24 11:22:35,0.0133,0.0789,12.0,157.0,786.0,0.00687
2022-05-24 11:23:35,0.0133,0.0789,12.0,157.0,785.0,0.00687
2022-05-24 11:24:36,0.0133,0.0791,12.0,157.0,785.0,0.00688
2022-05-24 11:25:37,0.0133,0.079,12.0,157.0,784.0,0.00688
2022-05-24 11:26:37,0.0133,0.079,12.0,157.0,785.0,0.00685
2022-05-24 11:27:38,0.0133,0.0792,12.0,157.0,786.0,0.00686
2022-05-24 11:28:39,0.0133,0.0792,12.0,157.0,785.0,0.00687
2022-05-24 11:29:39,0.0133,0.0792,12.0,157.0,785.0,0.00685
2022-05-24 11:30:40,0.0133,0.0792,12.0,157.0,784.0,0.00685
2022-05-24 11:31:40,0.0132,0.0791,12.0,157.0,784.0,0.00685
2022-05-24 11:32:41,0.0132,0.0792,12.0,157.0,785.0,0.006840000000000001
2022-05-24 11:33:42,0.0132,0.0792,12.0,157.0,786.0,0.0068200000000000005
2022-05-24 11:34:42,0.0133,0.0792,12.0,157.0,785.0,0.0068200000000000005
2022-05-24 11:35:43,0.0132,0.0791,12.0,157.0,785.0,0.006809999999999999
2022-05-24 11:36:44,0.0132,0.0792,12.0,157.0,785.0,0.006809999999999999
2022-05-24 11:37:44,0.0132,0.0791,13.0,157.0,785.0,0.0068
2022-05-24 11:38:45,0.0132,0.0791,12.0,157.0,785.0,0.006790000000000001
2022-05-24 11:39:46,0.0132,0.0792,12.0,157.0,784.0,0.00678
2022-05-24 11:40:47,0.0132,0.0792,12.0,157.0,784.0,0.00677
2022-05-24 11:41:47,0.0132,0.0792,12.0,157.0,786.0,0.00677
2022-05-24 11:42:48,0.0132,0.0792,12.0,157.0,785.0,0.00675
2022-05-24 11:43:49,0.0132,0.0791,12.0,157.0,784.0,0.00675
2022-05-24 11:44:49,0.0132,0.0792,12.0,157.0,784.0,0.00673
2022-05-24 11:45:50,0.0132,0.0792,12.0,157.0,784.0,0.00673
2022-05-24 11:46:50,0.0132,0.0792,12.0,157.0,785.0,0.00673
2022-05-24 11:47:51,0.0132,0.0792,12.0,157.0,784.0,0.00671
2022-05-24 11:48:52,0.0132,0.0792,13.0,157.0,784.0,0.00672
2022-05-24 11:49:52,0.0132,0.0794,12.0,157.0,784.0,0.0067
2022-05-24 11:50:53,0.0132,0.0794,12.0,157.0,784.0,0.006690000000000001
2022-05-24 11:51:54,0.0132,0.0795,12.0,157.0,785.0,0.0067
2022-05-24 11:52:55,0.0132,0.0794,12.0,157.0,785.0,0.006690000000000001
2022-05-24 11:53:55,0.0131,0.0794,12.0,157.0,784.0,0.006690000000000001
2022-05-24 11:54:56,0.0131,0.0793,12.0,157.0,784.0,0.006679999999999999
2022-05-24 11:55:56,0.0131,0.0792,12.0,157.0,783.0,0.006679999999999999
2022-05-24 11:56:57,0.0131,0.0792,12.0,157.0,784.0,0.006670000000000001
2022-05-24 11:57:57,0.0131,0.0792,12.0,157.0,783.0,0.006659999999999999
2022-05-24 11:58:58,0.0131,0.0793,12.0,157.0,784.0,0.006659999999999999
2022-05-24 11:59:59,0.0131,0.0792,12.0,157.0,783.0,0.006659999999999999
2022-05-24 12:00:59,0.0131,0.0792,12.0,157.0,784.0,0.006670000000000001
2022-05-24 12:02:00,0.013,0.0793,12.0,157.0,784.0,0.006659999999999999
2022-05-24 12:03:01,0.013,0.0792,12.0,157.0,784.0,0.006659999999999999
2022-05-24 12:04:02,0.013,0.0792,12.0,157.0,784.0,0.006670000000000001
2022-05-24 12:05:02,0.013,0.0792,12.0,157.0,784.0,0.00665
2022-05-24 12:06:03,0.013,0.0794,12.0,157.0,783.0,0.006659999999999999
2022-05-24 12:07:04,0.013,0.0795,13.0,157.0,784.0,0.00665
2022-05-24 12:08:04,0.013,0.0795,12.0,157.0,784.0,0.006659999999999999
2022-05-24 12:09:05,0.013,0.0797,12.0,157.0,784.0,0.00665
2022-05-24 12:10:06,0.013,0.0796,12.0,157.0,784.0,0.00665
2022-05-24 12:11:06,0.013,0.0797,12.0,157.0,783.0,0.00665
2022-05-24 12:12:07,0.013,0.0796,12.0,157.0,783.0,0.006659999999999999
2022-05-24 12:13:08,0.013,0.0796,13.0,157.0,783.0,0.006640000000000001
2022-05-24 12:14:08,0.013,0.0797,12.0,157.0,784.0,0.00665
2022-05-24 12:15:09,0.0129,0.0796,12.0,157.0,783.0,0.006640000000000001
2022-05-24 12:16:10,0.013,0.0796,12.0,157.0,783.0,0.00665
2022-05-24 12:17:10,0.0129,0.0797,12.0,157.0,784.0,0.00663
2022-05-24 12:18:11,0.013,0.0795,12.0,157.0,784.0,0.00663
2022-05-24 12:19:12,0.0129,0.0795,12.0,157.0,783.0,0.00663
2022-05-24 12:20:13,0.013,0.0795,12.0,157.0,783.0,0.0066099999999999996
2022-05-24 12:21:13,0.0129,0.0796,12.0,157.0,783.0,0.00662
2022-05-24 12:22:14,0.0129,0.0795,12.0,157.0,784.0,0.0066099999999999996
2022-05-24 12:23:15,0.0129,0.0795,12.0,157.0,784.0,0.0066099999999999996
2022-05-24 12:24:15,0.0129,0.0796,12.0,157.0,783.0,0.00659
2022-05-24 12:25:16,0.0129,0.0796,12.0,157.0,784.0,0.00659
2022-05-24 12:26:17,0.0129,0.0797,13.0,157.0,783.0,0.00658
2022-05-24 12:27:17,0.0129,0.0796,12.0,157.0,784.0,0.00657
2022-05-24 12:28:18,0.0129,0.0797,12.0,157.0,783.0,0.00657
2022-05-24 12:29:19,0.0129,0.0797,12.0,157.0,784.0,0.00656
2022-05-24 12:30:20,0.0129,0.0797,12.0,157.0,784.0,0.00655
2022-05-24 12:31:20,0.0129,0.0797,12.0,157.0,784.0,0.006540000000000001
2022-05-24 12:32:21,0.0129,0.0797,12.0,157.0,783.0,0.006529999999999999
2022-05-24 12:33:22,0.0129,0.0798,12.0,157.0,783.0,0.006529999999999999
2022-05-24 12:34:22,0.0128,0.0797,12.0,157.0,783.0,0.006529999999999999
2022-05-24 12:35:23,0.0128,0.0798,12.0,157.0,784.0,0.006520000000000001
2022-05-24 12:36:23,0.0128,0.0798,12.0,157.0,783.0,0.0065
2022-05-24 12:37:24,0.0128,0.0797,12.0,157.0,783.0,0.006509999999999999
2022-05-24 12:38:25,0.0128,0.0797,13.0,157.0,784.0,0.0065
2022-05-24 12:39:26,0.0128,0.0798,13.0,157.0,783.0,0.006490000000000001
2022-05-24 12:40:26,0.0128,0.0798,12.0,157.0,784.0,0.006490000000000001
2022-05-24 12:41:27,0.0128,0.0798,12.0,157.0,783.0,0.0065
2022-05-24 12:42:27,0.0128,0.0797,12.0,157.0,783.0,0.006490000000000001
2022-05-24 12:43:28,0.0128,0.0798,12.0,157.0,784.0,0.00647
2022-05-24 12:44:29,0.0127,0.0797,12.0,157.0,783.0,0.00647
2022-05-24 12:45:29,0.0127,0.0798,12.0,157.0,784.0,0.00647
2022-05-24 12:46:30,0.0127,0.0798,12.0,157.0,784.0,0.00647
2022-05-24 12:47:31,0.0127,0.0797,12.0,157.0,784.0,0.00646
2022-05-24 12:48:32,0.0127,0.0797,13.0,157.0,784.0,0.00646
2022-05-24 12:49:32,0.0127,0.0797,12.0,157.0,784.0,0.00645
2022-05-24 12:50:33,0.0127,0.0799,12.0,157.0,784.0,0.00644
2022-05-24 12:51:34,0.0127,0.08,12.0,157.0,784.0,0.00644
2022-05-24 12:52:34,0.0127,0.0801,12.0,157.0,783.0,0.00645
2022-05-24 12:53:35,0.0127,0.08,12.0,157.0,783.0,0.00646
2022-05-24 12:54:36,0.0127,0.0801,12.0,157.0,783.0,0.00645
2022-05-24 12:55:37,0.0127,0.0801,13.0,157.0,784.0,0.00643
2022-05-24 12:56:37,0.0127,0.08,12.0,157.0,783.0,0.00643
2022-05-24 12:57:38,0.0127,0.0798,12.0,157.0,784.0,0.00643
2022-05-24 12:58:39,0.0127,0.0798,12.0,157.0,783.0,0.00642
2022-05-24 12:59:40,0.0126,0.0798,12.0,157.0,783.0,0.00643
2022-05-24 13:00:40,0.0126,0.0798,12.0,157.0,784.0,0.00642
2022-05-24 13:01:41,0.0126,0.0798,12.0,157.0,783.0,0.00644
2022-05-24 13:02:42,0.0126,0.0798,12.0,157.0,784.0,0.00642
2022-05-24 13:03:42,0.0126,0.0799,12.0,157.0,784.0,0.00642
2022-05-24 13:04:43,0.0126,0.0798,12.0,157.0,783.0,0.006409999999999999
2022-05-24 13:05:44,0.0126,0.0798,12.0,157.0,784.0,0.006409999999999999
2022-05-24 13:06:44,0.0126,0.0799,12.0,157.0,784.0,0.006409999999999999
2022-05-24 13:07:45,0.0126,0.0799,12.0,157.0,784.0,0.006409999999999999
2022-05-24 13:08:46,0.0126,0.0801,12.0,157.0,784.0,0.0064
2022-05-24 13:09:46,0.0126,0.0802,12.0,157.0,783.0,0.0064
2022-05-24 13:10:47,0.0126,0.0802,12.0,157.0,783.0,0.0064
2022-05-24 13:11:48,0.0126,0.0802,12.0,157.0,782.0,0.00639
2022-05-24 13:12:48,0.0126,0.0802,12.0,157.0,784.0,0.00639
2022-05-24 13:13:49,0.0126,0.0802,12.0,157.0,783.0,0.00639
2022-05-24 13:14:50,0.0126,0.0802,12.0,157.0,784.0,0.00639
2022-05-24 13:15:50,0.0126,0.0802,12.0,157.0,784.0,0.006370000000000001
2022-05-24 13:16:51,0.0125,0.0802,12.0,157.0,784.0,0.006379999999999999
2022-05-24 13:17:52,0.0125,0.0802,12.0,157.0,784.0,0.00636
2022-05-24 13:18:52,0.0125,0.0802,12.0,157.0,784.0,0.00636
2022-05-24 13:19:53,0.0125,0.0802,12.0,157.0,785.0,0.00636
2022-05-24 13:20:54,0.0125,0.0802,12.0,157.0,784.0,0.00635
2022-05-24 13:21:54,0.0125,0.0803,12.0,157.0,784.0,0.00634
2022-05-24 13:22:55,0.0125,0.0802,13.0,157.0,784.0,0.00634
2022-05-24 13:23:56,0.0125,0.0802,12.0,157.0,783.0,0.00632
2022-05-24 13:24:57,0.0125,0.0802,12.0,157.0,784.0,0.0063100000000000005
2022-05-24 13:25:57,0.0125,0.0802,12.0,157.0,784.0,0.0063
2022-05-24 13:26:58,0.0125,0.0802,12.0,157.0,784.0,0.0063
2022-05-24 13:27:59,0.0125,0.0802,12.0,157.0,784.0,0.0063
2022-05-24 13:28:59,0.0125,0.0803,12.0,157.0,783.0,0.0063
2022-05-24 13:30:00,0.0125,0.0802,12.0,157.0,784.0,0.00629
2022-05-24 13:31:01,0.0125,0.0802,12.0,157.0,784.0,0.00629
2022-05-24 13:32:01,0.0125,0.0803,12.0,157.0,784.0,0.00629
2022-05-24 13:33:02,0.0125,0.0802,12.0,157.0,784.0,0.00628
2022-05-24 13:34:02,0.0124,0.0803,12.0,157.0,784.0,0.00627
2022-05-24 13:35:03,0.0125,0.0804,12.0,157.0,784.0,0.00627
2022-05-24 13:36:04,0.0124,0.0802,12.0,157.0,784.0,0.00626
2022-05-24 13:37:04,0.0124,0.0803,12.0,157.0,783.0,0.00625
2022-05-24 13:38:05,0.0124,0.0803,12.0,157.0,784.0,0.00625
2022-05-24 13:39:06,0.0124,0.0802,12.0,157.0,783.0,0.00626
2022-05-24 13:40:06,0.0124,0.0802,12.0,157.0,783.0,0.00626
2022-05-24 13:41:07,0.0124,0.0802,12.0,157.0,783.0,0.00626
2022-05-24 13:42:08,0.0124,0.0802,12.0,157.0,784.0,0.00624
2022-05-24 13:43:09,0.02,0.0802,12.0,157.0,785.0,0.000669
2022-05-24 13:44:09,0.02,0.0801,12.0,157.0,784.0,88.2
2022-05-24 13:45:10,0.02,0.0801,12.0,157.0,785.0,614.0
2022-05-24 13:46:10,0.02,0.08,12.0,157.0,784.0,989.0
2022-05-24 13:47:11,0.02,0.0801,12.0,157.0,784.0,1070.0
2022-05-24 13:48:11,0.02,0.0802,12.0,157.0,786.0,1070.0
2022-05-24 13:49:12,0.02,0.0803,12.0,157.0,786.0,1070.0
2022-05-24 13:50:12,0.02,0.0802,12.0,157.0,785.0,1070.0
2022-05-24 13:51:13,0.02,0.0803,12.0,157.0,785.0,1070.0
2022-05-24 13:52:14,0.02,0.0804,12.0,157.0,783.0,1070.0
2022-05-24 13:53:14,0.02,0.0806,13.0,157.0,785.0,1070.0
2022-05-24 13:54:15,0.02,0.0806,12.0,157.0,784.0,1070.0
2022-05-24 13:55:15,0.02,0.0806,12.0,157.0,786.0,1070.0
2022-05-24 13:56:16,0.02,0.0806,12.0,157.0,785.0,1070.0
2022-05-24 13:57:16,0.02,0.0806,12.0,157.0,786.0,1070.0
2022-05-24 13:58:17,0.02,0.0806,12.0,157.0,785.0,1070.0
2022-05-24 13:59:18,0.02,0.0804,12.0,157.0,786.0,1070.0
2022-05-24 14:00:18,0.02,0.0805,12.0,157.0,784.0,1070.0
2022-05-24 14:01:18,0.02,0.0803,12.0,157.0,784.0,1070.0
2022-05-24 14:02:19,0.02,0.0803,12.0,157.0,786.0,1070.0
2022-05-24 14:03:20,0.02,0.0803,13.0,157.0,784.0,1070.0
2022-05-24 14:04:20,0.02,0.0802,12.0,157.0,785.0,1070.0
2022-05-24 14:05:21,0.02,0.0802,12.0,157.0,787.0,1070.0
2022-05-24 14:06:21,0.02,0.0802,12.0,157.0,784.0,1070.0
2022-05-24 14:07:22,0.02,0.0802,12.0,157.0,786.0,1070.0
2022-05-24 14:08:22,0.02,0.0802,12.0,157.0,784.0,1070.0
2022-05-24 14:09:23,0.02,0.0803,12.0,157.0,785.0,1070.0
2022-05-24 14:10:23,0.02,0.0803,12.0,157.0,785.0,1070.0
2022-05-24 14:11:24,0.02,0.0803,13.0,157.0,786.0,1070.0
2022-05-24 14:12:25,0.02,0.0804,12.0,157.0,785.0,1070.0
2022-05-24 14:13:25,0.02,0.0806,12.0,157.0,785.0,1070.0
2022-05-24 14:14:26,0.02,0.0805,13.0,157.0,784.0,1070.0
2022-05-24 14:15:26,0.02,0.0806,12.0,157.0,786.0,1070.0
2022-05-24 14:16:26,0.02,0.0806,13.0,157.0,784.0,1070.0
2022-05-24 14:17:27,0.02,0.0806,12.0,157.0,786.0,1070.0
2022-05-24 14:18:28,0.02,0.0806,12.0,157.0,785.0,1070.0
2022-05-24 14:19:28,0.02,0.0806,12.0,157.0,785.0,1070.0
2022-05-24 14:20:29,0.02,0.0806,12.0,157.0,784.0,1070.0
2022-05-24 14:21:29,0.02,0.0805,12.0,157.0,784.0,1070.0
2022-05-24 14:22:30,0.02,0.0805,12.0,157.0,785.0,1070.0
2022-05-24 14:23:30,0.02,0.0804,12.0,157.0,783.0,1070.0
2022-05-24 14:24:31,0.02,0.0804,12.0,157.0,783.0,1070.0
2022-05-24 14:25:31,0.02,0.0804,12.0,157.0,783.0,1070.0
2022-05-24 14:26:32,0.02,0.0803,12.0,157.0,785.0,1070.0
2022-05-24 14:27:32,0.02,0.0803,12.0,157.0,783.0,1070.0
2022-05-24 14:28:33,0.02,0.0802,12.0,157.0,784.0,1070.0
2022-05-24 14:29:33,0.02,0.0803,12.0,157.0,783.0,1070.0
2022-05-24 14:30:34,0.02,0.0803,12.0,157.0,783.0,1070.0
2022-05-24 14:31:34,0.02,0.0805,12.0,157.0,783.0,1070.0
2022-05-24 14:32:35,0.02,0.0806,13.0,157.0,784.0,1070.0
2022-05-24 14:33:36,0.02,0.0807,12.0,157.0,783.0,1070.0
2022-05-24 14:34:36,0.02,0.0806,12.0,157.0,783.0,1070.0
2022-05-24 14:35:36,0.02,0.0806,12.0,157.0,783.0,1070.0
2022-05-24 14:36:37,0.02,0.0806,12.0,157.0,783.0,1070.0
2022-05-24 14:37:38,0.02,0.0806,12.0,157.0,782.0,1070.0
2022-05-24 14:38:38,0.02,0.0806,12.0,157.0,782.0,1070.0
2022-05-24 14:39:39,0.02,0.0806,12.0,157.0,784.0,1070.0
2022-05-24 14:40:39,0.02,0.0806,12.0,157.0,782.0,1070.0
2022-05-24 14:41:39,0.02,0.0806,12.0,157.0,783.0,1070.0
2022-05-24 14:42:40,0.02,0.0806,12.0,157.0,784.0,1070.0
2022-05-24 14:43:41,0.02,0.0807,12.0,157.0,783.0,1070.0
2022-05-24 14:44:41,0.02,0.0804,12.0,157.0,784.0,1070.0
2022-05-24 14:45:42,0.02,0.0805,12.0,157.0,784.0,1070.0
2022-05-24 14:46:42,0.02,0.0805,12.0,157.0,783.0,1070.0
2022-05-24 14:47:43,0.02,0.0804,12.0,157.0,784.0,1070.0
2022-05-24 14:48:43,0.02,0.0805,12.0,157.0,784.0,1070.0
2022-05-24 14:49:44,0.02,0.0805,12.0,157.0,784.0,1070.0
2022-05-24 14:50:44,0.02,0.0805,12.0,157.0,784.0,1070.0
2022-05-24 14:51:45,0.02,0.0804,12.0,157.0,783.0,1070.0
2022-05-24 14:52:45,0.02,0.0806,12.0,157.0,784.0,1070.0
2022-05-24 14:53:46,0.02,0.0806,12.0,157.0,783.0,1070.0
2022-05-24 14:54:46,0.02,0.0806,12.0,157.0,783.0,1070.0
2022-05-24 14:55:47,0.02,0.0806,12.0,157.0,784.0,1070.0
2022-05-24 14:56:47,0.02,0.0806,12.0,157.0,783.0,1070.0
2022-05-24 14:57:48,0.02,0.0806,12.0,157.0,784.0,1070.0
2022-05-24 14:58:48,0.02,0.0807,12.0,157.0,783.0,1070.0
2022-05-24 14:59:49,0.02,0.0806,12.0,157.0,783.0,1070.0
2022-05-24 15:00:49,0.02,0.0806,12.0,157.0,782.0,1070.0
2022-05-24 15:01:50,0.02,0.0806,12.0,157.0,783.0,1070.0
2022-05-24 15:02:50,0.02,0.0806,12.0,157.0,782.0,1070.0
2022-05-24 15:03:51,0.02,0.0806,12.0,157.0,783.0,1070.0
2022-05-24 15:04:51,0.02,0.0806,12.0,157.0,782.0,1070.0
2022-05-24 15:05:52,0.02,0.0806,12.0,157.0,782.0,1070.0
2022-05-24 15:06:52,0.02,0.0806,12.0,157.0,782.0,1070.0
2022-05-24 15:07:53,0.02,0.0806,12.0,157.0,782.0,1070.0
2022-05-24 15:08:54,0.02,0.0806,12.0,157.0,783.0,1070.0
2022-05-24 15:09:54,0.02,0.0806,12.0,157.0,782.0,1070.0
2022-05-24 15:10:55,0.02,0.0806,13.0,157.0,781.0,1070.0
2022-05-24 15:11:55,0.02,0.0806,12.0,157.0,782.0,1070.0
2022-05-24 15:12:56,0.02,0.0806,12.0,157.0,783.0,1070.0
2022-05-24 15:13:56,0.02,0.0806,12.0,157.0,782.0,1070.0
2022-05-24 15:14:57,0.02,0.0806,12.0,157.0,782.0,1070.0
2022-05-24 15:15:58,0.02,0.0806,12.0,157.0,783.0,1070.0
2022-05-24 15:16:58,0.02,0.0806,12.0,157.0,782.0,1070.0
2022-05-24 15:17:59,0.02,0.0807,12.0,157.0,783.0,1070.0
2022-05-24 15:18:59,0.02,0.0807,12.0,157.0,782.0,1070.0
2022-05-24 15:20:00,0.02,0.0806,12.0,157.0,782.0,1070.0
2022-05-24 15:21:00,0.02,0.0806,12.0,157.0,783.0,1070.0
2022-05-24 15:22:01,0.02,0.0806,12.0,157.0,782.0,1070.0
2022-05-24 15:23:02,0.02,0.0807,12.0,157.0,782.0,1070.0
2022-05-24 15:24:02,0.02,0.0806,12.0,157.0,783.0,1070.0
2022-05-24 15:25:02,0.02,0.0806,12.0,157.0,782.0,1070.0
2022-05-24 15:26:03,0.02,0.0806,12.0,157.0,782.0,1070.0
2022-05-24 15:27:03,0.02,0.0806,12.0,157.0,781.0,1070.0
2022-05-24 15:28:04,0.02,0.0806,12.0,157.0,782.0,1070.0
2022-05-24 15:29:04,0.02,0.0806,12.0,157.0,783.0,1070.0
2022-05-24 15:30:05,0.02,0.0805,12.0,157.0,781.0,1070.0
2022-05-24 15:31:05,0.02,0.0806,12.0,157.0,781.0,1070.0
2022-05-24 15:32:05,0.02,0.0806,12.0,157.0,782.0,1070.0
2022-05-24 15:33:06,0.02,0.0806,12.0,157.0,782.0,1070.0
2022-05-24 15:34:07,0.02,0.0806,12.0,157.0,781.0,1070.0
2022-05-24 15:35:07,0.02,0.0806,12.0,157.0,782.0,1070.0
2022-05-24 15:36:08,0.02,0.0806,12.0,157.0,782.0,1070.0
2022-05-24 15:37:08,0.02,0.0806,12.0,157.0,782.0,1070.0
2022-05-24 15:38:09,0.02,0.0806,12.0,157.0,782.0,1070.0
2022-05-24 15:39:09,0.02,0.0808,12.0,157.0,782.0,1070.0
2022-05-24 15:40:10,0.02,0.081,12.0,157.0,782.0,1070.0
2022-05-24 15:41:11,0.02,0.081,12.0,157.0,782.0,1070.0
2022-05-24 15:42:11,0.02,0.0809,12.0,157.0,781.0,1070.0
2022-05-24 15:43:12,0.02,0.0807,12.0,157.0,782.0,1070.0
2022-05-24 15:44:12,0.02,0.0809,12.0,157.0,782.0,1070.0
2022-05-24 15:45:12,0.02,0.0807,12.0,157.0,782.0,1070.0
2022-05-24 15:46:13,0.02,0.0806,12.0,157.0,782.0,1070.0
2022-05-24 15:47:14,0.02,0.0806,12.0,157.0,783.0,1070.0
2022-05-24 15:48:14,0.02,0.0806,12.0,157.0,782.0,1070.0
2022-05-24 15:49:15,0.02,0.0806,12.0,157.0,782.0,1070.0
2022-05-24 15:50:15,0.02,0.0806,12.0,157.0,781.0,1070.0
2022-05-24 15:51:16,0.02,0.0806,12.0,157.0,782.0,1070.0
2022-05-24 15:52:16,0.02,0.0806,12.0,157.0,783.0,1070.0
2022-05-24 15:53:17,0.02,0.0805,12.0,157.0,781.0,1070.0
2022-05-24 15:54:17,0.02,0.0807,12.0,157.0,782.0,1070.0
2022-05-24 15:55:18,0.02,0.0807,12.0,157.0,783.0,1070.0
2022-05-24 15:56:18,0.02,0.0807,12.0,157.0,782.0,1070.0
2022-05-24 15:57:19,0.02,0.0807,12.0,157.0,782.0,1070.0
2022-05-24 15:58:19,0.02,0.081,12.0,157.0,782.0,1070.0
2022-05-24 15:59:20,0.02,0.081,12.0,157.0,781.0,1070.0
2022-05-24 16:00:20,0.02,0.081,12.0,157.0,781.0,1070.0
2022-05-24 16:01:21,0.02,0.0811,12.0,157.0,782.0,1070.0
2022-05-24 16:02:22,0.02,0.0811,12.0,157.0,781.0,1070.0
2022-05-24 16:03:22,0.02,0.0811,12.0,157.0,781.0,1070.0
2022-05-24 16:04:23,0.02,0.0811,12.0,157.0,782.0,1070.0
2022-05-24 16:05:23,0.02,0.081,12.0,157.0,782.0,1070.0
2022-05-24 16:06:24,0.02,0.081,12.0,157.0,782.0,1070.0
2022-05-24 16:07:24,0.02,0.081,12.0,157.0,782.0,1070.0
2022-05-24 16:08:25,0.02,0.081,12.0,157.0,782.0,1070.0
2022-05-24 16:09:26,0.02,0.0808,12.0,157.0,782.0,1070.0
2022-05-24 16:10:26,0.02,0.0808,12.0,157.0,782.0,1070.0
2022-05-24 16:11:27,0.02,0.0807,12.0,157.0,782.0,1070.0
2022-05-24 16:12:27,0.02,0.0807,12.0,157.0,782.0,1070.0
2022-05-24 16:13:27,0.02,0.0807,12.0,157.0,782.0,1070.0
2022-05-24 16:14:28,0.02,0.0808,12.0,157.0,782.0,1070.0
2022-05-24 16:15:29,0.02,0.0807,12.0,157.0,783.0,1070.0
2022-05-24 16:16:29,0.02,0.081,12.0,157.0,781.0,1070.0
2022-05-24 16:17:30,0.02,0.081,12.0,157.0,781.0,1070.0
2022-05-24 16:18:30,0.02,0.081,12.0,157.0,780.0,1070.0
2022-05-24 16:19:31,0.02,0.0811,12.0,157.0,780.0,1070.0
2022-05-24 16:20:31,0.02,0.0811,12.0,157.0,781.0,1070.0
2022-05-24 16:21:31,0.02,0.0811,12.0,157.0,780.0,1070.0
2022-05-24 16:22:32,0.02,0.0812,12.0,157.0,781.0,1070.0
2022-05-24 16:23:33,0.02,0.0811,12.0,157.0,780.0,1070.0
2022-05-24 16:24:33,0.02,0.0811,12.0,157.0,780.0,1070.0
2022-05-24 16:25:34,0.02,0.0811,12.0,157.0,781.0,1070.0
2022-05-24 16:26:34,0.02,0.0811,12.0,157.0,780.0,1070.0
2022-05-24 16:27:35,0.02,0.0811,12.0,157.0,780.0,1070.0
2022-05-24 16:28:35,0.02,0.0811,12.0,157.0,780.0,1070.0
2022-05-24 16:29:36,0.02,0.0811,12.0,157.0,780.0,1070.0
2022-05-24 16:30:37,0.02,0.0811,12.0,157.0,780.0,1070.0
2022-05-24 16:31:37,0.02,0.0811,12.0,157.0,780.0,1070.0
2022-05-24 16:32:38,0.02,0.0811,12.0,157.0,780.0,1070.0
2022-05-24 16:33:38,0.02,0.0811,12.0,157.0,780.0,1070.0
2022-05-24 16:34:39,0.02,0.081,12.0,157.0,780.0,1070.0
2022-05-24 16:35:39,0.02,0.0811,12.0,157.0,780.0,1070.0
2022-05-24 16:36:40,0.02,0.0811,12.0,157.0,780.0,1070.0
2022-05-24 16:37:40,0.02,0.0811,12.0,157.0,782.0,1070.0
2022-05-24 16:38:41,0.02,0.0811,12.0,157.0,780.0,1070.0
2022-05-24 16:39:42,0.02,0.0811,12.0,157.0,780.0,1070.0
2022-05-24 16:40:42,0.02,0.0811,12.0,157.0,780.0,1070.0
2022-05-24 16:41:43,0.02,0.0811,12.0,157.0,780.0,1070.0
2022-05-24 16:42:43,0.02,0.0811,12.0,157.0,780.0,1070.0
2022-05-24 16:43:44,0.02,0.0811,12.0,157.0,780.0,1070.0
2022-05-24 16:44:44,0.02,0.0811,12.0,157.0,780.0,1070.0
2022-05-24 16:45:45,0.02,0.0812,12.0,157.0,782.0,1070.0
2022-05-24 16:46:45,0.02,0.0812,12.0,157.0,780.0,1070.0
2022-05-24 16:47:46,0.02,0.0811,12.0,157.0,780.0,1070.0
2022-05-24 16:48:46,0.02,0.0811,12.0,157.0,780.0,1070.0
2022-05-24 16:49:47,0.02,0.0811,12.0,157.0,780.0,1070.0
2022-05-24 16:50:47,0.02,0.0811,12.0,157.0,781.0,1070.0
2022-05-24 16:51:48,0.02,0.0811,12.0,157.0,780.0,1070.0
2022-05-24 16:52:48,0.02,0.0811,12.0,157.0,781.0,1070.0
2022-05-24 16:53:49,0.02,0.0811,12.0,157.0,780.0,1070.0
2022-05-24 16:54:49,0.02,0.0811,12.0,157.0,781.0,1070.0
2022-05-24 16:55:50,0.02,0.0811,12.0,157.0,780.0,1070.0
2022-05-24 16:56:51,0.02,0.081,12.0,157.0,780.0,1070.0
2022-05-24 16:57:51,0.02,0.0811,12.0,157.0,780.0,1070.0
2022-05-24 16:58:52,0.02,0.0811,12.0,157.0,781.0,1070.0
2022-05-24 16:59:52,0.02,0.0811,12.0,157.0,781.0,1070.0
2022-05-24 17:00:53,0.02,0.0811,12.0,157.0,780.0,1070.0
2022-05-24 17:01:53,0.02,0.0811,12.0,157.0,781.0,1070.0
2022-05-24 17:02:54,0.02,0.0811,12.0,157.0,780.0,1070.0
2022-05-24 17:03:54,0.02,0.0813,12.0,157.0,780.0,1070.0
2022-05-24 17:04:55,0.02,0.0814,12.0,157.0,782.0,1070.0
2022-05-24 17:05:55,0.02,0.0816,12.0,157.0,781.0,1070.0
2022-05-24 17:06:56,0.02,0.0816,12.0,157.0,780.0,1070.0
2022-05-24 17:07:56,0.02,0.0816,12.0,157.0,781.0,1070.0
2022-05-24 17:08:57,0.02,0.0815,12.0,157.0,781.0,1070.0
2022-05-24 17:09:58,0.02,0.0815,12.0,157.0,780.0,1070.0
2022-05-24 17:10:58,0.02,0.0814,12.0,157.0,780.0,1070.0
2022-05-24 17:11:59,0.02,0.0814,12.0,157.0,780.0,1070.0
2022-05-24 17:12:59,0.02,0.0812,12.0,157.0,782.0,1070.0
2022-05-24 17:14:00,0.02,0.0812,12.0,157.0,780.0,1070.0
2022-05-24 17:15:00,0.02,0.0812,12.0,157.0,780.0,1070.0
2022-05-24 17:16:00,0.02,0.0813,12.0,157.0,780.0,1070.0
2022-05-24 17:17:01,0.02,0.0811,12.0,157.0,781.0,1070.0
2022-05-24 17:18:02,0.02,0.0812,12.0,157.0,781.0,1070.0
2022-05-24 17:19:02,0.02,0.0813,12.0,157.0,780.0,1070.0
2022-05-24 17:20:03,0.02,0.0811,12.0,157.0,780.0,1070.0
2022-05-24 17:21:03,0.02,0.0814,12.0,157.0,780.0,1070.0
2022-05-24 17:22:04,0.02,0.0814,12.0,157.0,781.0,1070.0
2022-05-24 17:23:04,0.02,0.0814,12.0,157.0,780.0,1070.0
2022-05-24 17:24:05,0.02,0.0816,12.0,157.0,779.0,1070.0
2022-05-24 17:25:05,0.02,0.0816,12.0,157.0,780.0,1070.0
2022-05-24 17:26:06,0.02,0.0815,12.0,157.0,780.0,1070.0
2022-05-24 17:27:06,0.02,0.0817,12.0,157.0,781.0,1070.0
2022-05-24 17:28:07,0.02,0.0816,12.0,157.0,780.0,1070.0
2022-05-24 17:29:07,0.02,0.0816,12.0,157.0,780.0,1070.0
2022-05-24 17:30:08,0.02,0.0816,12.0,157.0,782.0,1070.0
2022-05-24 17:31:08,0.02,0.0816,12.0,157.0,780.0,1070.0
2022-05-24 17:32:09,0.02,0.0816,12.0,157.0,780.0,1070.0
2022-05-24 17:33:10,0.02,0.0816,12.0,157.0,780.0,1070.0
2022-05-24 17:34:10,0.02,0.0816,12.0,157.0,780.0,1070.0
2022-05-24 17:35:10,0.02,0.0816,12.0,157.0,780.0,1070.0
2022-05-24 17:36:11,0.02,0.0816,12.0,157.0,781.0,1070.0
2022-05-24 17:37:12,0.02,0.0815,12.0,157.0,780.0,1070.0
2022-05-24 17:38:12,0.02,0.0816,12.0,157.0,781.0,1070.0
2022-05-24 17:39:13,0.02,0.0816,12.0,157.0,781.0,1070.0
2022-05-24 17:40:13,0.02,0.0816,12.0,157.0,780.0,1070.0
2022-05-24 17:41:14,0.02,0.0816,12.0,157.0,781.0,1070.0
2022-05-24 17:42:14,0.02,0.0815,12.0,157.0,780.0,1070.0
2022-05-24 17:43:15,0.02,0.0816,12.0,157.0,780.0,1070.0
2022-05-24 17:44:15,0.02,0.0816,12.0,157.0,781.0,1070.0
2022-05-24 17:45:16,0.02,0.0816,12.0,157.0,782.0,1070.0
2022-05-24 17:46:16,0.02,0.0816,12.0,157.0,780.0,1070.0
2022-05-24 17:47:17,0.02,0.0816,12.0,157.0,780.0,1070.0
2022-05-24 17:48:18,0.02,0.0816,12.0,157.0,780.0,1070.0
2022-05-24 17:49:18,0.02,0.0817,12.0,157.0,780.0,1070.0
2022-05-24 17:50:19,0.02,0.0817,12.0,157.0,781.0,1070.0
2022-05-24 17:51:19,0.02,0.0817,12.0,157.0,780.0,1070.0
2022-05-24 17:52:20,0.02,0.0816,12.0,157.0,780.0,1070.0
2022-05-24 17:53:20,0.02,0.0816,12.0,157.0,780.0,1070.0
2022-05-24 17:54:21,0.02,0.0816,12.0,157.0,780.0,1070.0
2022-05-24 17:55:22,0.02,0.0816,12.0,157.0,781.0,1070.0
2022-05-24 17:56:22,0.02,0.0816,12.0,157.0,780.0,1070.0
2022-05-24 17:57:23,0.02,0.0816,12.0,157.0,780.0,1070.0
2022-05-24 17:58:23,0.02,0.0816,12.0,157.0,780.0,1070.0
2022-05-24 17:59:24,0.02,0.0816,12.0,157.0,780.0,1070.0
2022-05-24 18:00:24,0.02,0.0816,12.0,157.0,780.0,1070.0
2022-05-24 18:01:25,0.02,0.0815,12.0,157.0,781.0,1070.0
2022-05-24 18:02:25,0.02,0.0816,12.0,157.0,780.0,1070.0
2022-05-24 18:03:26,0.02,0.0816,12.0,157.0,780.0,1070.0
2022-05-24 18:04:26,0.02,0.0816,12.0,157.0,781.0,1070.0
2022-05-24 18:05:27,0.02,0.0816,12.0,157.0,780.0,1070.0
2022-05-24 18:06:27,0.02,0.0817,12.0,157.0,781.0,1070.0
2022-05-24 18:07:28,0.02,0.0817,12.0,157.0,780.0,1070.0
2022-05-24 18:08:28,0.02,0.0819,12.0,157.0,780.0,1070.0
2022-05-24 18:09:29,0.02,0.082,12.0,157.0,779.0,1070.0
2022-05-24 18:10:29,0.02,0.0821,12.0,157.0,781.0,1070.0
2022-05-24 18:11:29,0.02,0.0821,12.0,157.0,781.0,1070.0
2022-05-24 18:12:30,0.02,0.082,12.0,157.0,780.0,1070.0
2022-05-24 18:13:31,0.02,0.082,12.0,157.0,780.0,1070.0
2022-05-24 18:14:31,0.02,0.082,12.0,157.0,781.0,1070.0
2022-05-24 18:15:32,0.02,0.082,12.0,157.0,780.0,1070.0
2022-05-24 18:16:32,0.02,0.0819,12.0,157.0,781.0,1070.0
2022-05-24 18:17:33,0.02,0.0819,12.0,157.0,780.0,1070.0
2022-05-24 18:18:34,0.02,0.0817,12.0,157.0,780.0,1070.0
2022-05-24 18:19:34,0.02,0.0816,12.0,157.0,781.0,1070.0
2022-05-24 18:20:35,0.02,0.0817,12.0,157.0,781.0,1070.0
2022-05-24 18:21:35,0.02,0.0817,12.0,157.0,779.0,1070.0
2022-05-24 18:22:36,0.02,0.0817,12.0,157.0,780.0,1070.0
2022-05-24 18:23:36,0.02,0.0816,12.0,157.0,779.0,1070.0
2022-05-24 18:24:37,0.02,0.0818,12.0,157.0,780.0,1070.0
2022-05-24 18:25:37,0.02,0.0819,12.0,157.0,782.0,1070.0
2022-05-24 18:26:38,0.02,0.0819,12.0,157.0,780.0,1070.0
2022-05-24 18:27:38,0.02,0.082,12.0,157.0,780.0,1070.0
2022-05-24 18:28:39,0.02,0.082,12.0,157.0,779.0,1070.0
2022-05-24 18:29:39,0.02,0.082,12.0,157.0,780.0,1070.0
2022-05-24 18:30:40,0.02,0.0821,12.0,157.0,779.0,1070.0
2022-05-24 18:31:41,0.02,0.0821,12.0,157.0,779.0,1070.0
2022-05-24 18:32:41,0.02,0.0821,12.0,157.0,780.0,1070.0
2022-05-24 18:33:42,0.02,0.0821,12.0,157.0,779.0,1070.0
2022-05-24 18:34:42,0.02,0.0822,12.0,157.0,779.0,1070.0
2022-05-24 18:35:43,0.02,0.082,12.0,157.0,780.0,1070.0
2022-05-24 18:36:43,0.02,0.0821,12.0,157.0,779.0,1070.0
2022-05-24 18:37:44,0.02,0.082,12.0,157.0,779.0,1070.0
2022-05-24 18:38:45,0.02,0.0821,12.0,157.0,780.0,1070.0
2022-05-24 18:39:45,0.02,0.082,12.0,157.0,779.0,1070.0
2022-05-24 18:40:46,0.02,0.0821,12.0,157.0,779.0,1070.0
2022-05-24 18:41:46,0.02,0.0821,12.0,157.0,779.0,1070.0
2022-05-24 18:42:47,0.02,0.0821,12.0,157.0,779.0,1070.0
2022-05-24 18:43:47,0.02,0.082,12.0,157.0,780.0,1070.0
2022-05-24 18:44:48,0.02,0.082,12.0,157.0,780.0,1070.0
2022-05-24 18:45:48,0.02,0.0821,12.0,157.0,779.0,1070.0
2022-05-24 18:46:49,0.02,0.082,12.0,157.0,778.0,1070.0
2022-05-24 18:47:49,0.02,0.082,12.0,157.0,779.0,1070.0
2022-05-24 18:48:50,0.02,0.082,12.0,157.0,779.0,1070.0
2022-05-24 18:49:50,0.02,0.0821,12.0,157.0,779.0,1070.0
2022-05-24 18:50:51,0.02,0.0821,13.0,157.0,780.0,1070.0
2022-05-24 18:51:52,0.02,0.0822,12.0,157.0,779.0,1070.0
2022-05-24 18:52:52,0.02,0.0822,12.0,157.0,779.0,1070.0
2022-05-24 18:53:53,0.02,0.0823,12.0,157.0,779.0,1070.0
2022-05-24 18:54:53,0.02,0.0824,12.0,157.0,780.0,1070.0
2022-05-24 18:55:54,0.02,0.0822,12.0,157.0,779.0,1070.0
2022-05-24 18:56:54,0.02,0.0823,12.0,157.0,779.0,1070.0
2022-05-24 18:57:55,0.02,0.0822,12.0,157.0,779.0,1070.0
2022-05-24 18:58:55,0.02,0.0822,12.0,157.0,778.0,1070.0
2022-05-24 18:59:56,0.02,0.0821,12.0,157.0,779.0,1070.0
2022-05-24 19:00:56,0.02,0.082,12.0,157.0,779.0,1070.0
2022-05-24 19:01:57,0.02,0.082,12.0,157.0,779.0,1070.0
2022-05-24 19:02:57,0.02,0.082,12.0,157.0,779.0,1070.0
2022-05-24 19:03:58,0.02,0.082,12.0,157.0,779.0,1070.0
2022-05-24 19:04:58,0.02,0.082,12.0,157.0,778.0,1070.0
2022-05-24 19:05:59,0.02,0.0821,12.0,157.0,779.0,1070.0
2022-05-24 19:06:59,0.02,0.082,12.0,157.0,778.0,1070.0
2022-05-24 19:08:00,0.02,0.082,12.0,157.0,779.0,1070.0
2022-05-24 19:09:01,0.02,0.0822,12.0,157.0,779.0,1070.0
2022-05-24 19:10:01,0.02,0.0822,12.0,157.0,779.0,1070.0
2022-05-24 19:11:02,0.02,0.0823,12.0,157.0,779.0,1070.0
2022-05-24 19:12:02,0.02,0.0823,12.0,157.0,779.0,1070.0
2022-05-24 19:13:03,0.02,0.0824,12.0,157.0,779.0,1070.0
2022-05-24 19:14:04,0.02,0.0824,12.0,157.0,780.0,1070.0
2022-05-24 19:15:04,0.02,0.0826,12.0,157.0,780.0,1070.0
2022-05-24 19:16:05,0.02,0.0826,12.0,157.0,779.0,1070.0
2022-05-24 19:17:05,0.02,0.0826,12.0,157.0,780.0,1070.0
2022-05-24 19:18:06,0.02,0.0826,12.0,157.0,780.0,1070.0
2022-05-24 19:19:06,0.02,0.0825,12.0,157.0,779.0,1070.0
2022-05-24 19:20:07,0.02,0.0825,12.0,157.0,780.0,1070.0
2022-05-24 19:21:07,0.02,0.0825,12.0,157.0,779.0,1070.0
2022-05-24 19:22:08,0.02,0.0824,12.0,157.0,779.0,1070.0
2022-05-24 19:23:08,0.02,0.0823,12.0,157.0,779.0,1070.0
2022-05-24 19:24:09,0.02,0.0823,12.0,157.0,780.0,1070.0
2022-05-24 19:25:09,0.02,0.0823,12.0,157.0,780.0,1070.0
2022-05-24 19:26:10,0.02,0.0823,12.0,157.0,779.0,1070.0
2022-05-24 19:27:10,0.02,0.0823,12.0,157.0,780.0,1070.0
2022-05-24 19:28:11,0.02,0.0823,12.0,157.0,780.0,1070.0
2022-05-24 19:29:12,0.02,0.0823,12.0,157.0,779.0,1070.0
2022-05-24 19:30:12,0.02,0.0824,12.0,157.0,779.0,1070.0
2022-05-24 19:31:13,0.02,0.0824,12.0,157.0,779.0,1070.0
2022-05-24 19:32:13,0.02,0.0825,12.0,157.0,779.0,1070.0
2022-05-24 19:33:14,0.02,0.0826,12.0,157.0,779.0,1070.0
2022-05-24 19:34:14,0.02,0.0826,12.0,157.0,779.0,1070.0
2022-05-24 19:35:15,0.02,0.0826,12.0,157.0,779.0,1070.0
2022-05-24 19:36:15,0.02,0.0827,12.0,157.0,779.0,1070.0
2022-05-24 19:37:16,0.02,0.0826,12.0,157.0,778.0,1070.0
2022-05-24 19:38:16,0.02,0.0826,12.0,157.0,779.0,1070.0
2022-05-24 19:39:17,0.02,0.0826,12.0,157.0,779.0,1070.0
2022-05-24 19:40:17,0.02,0.0828,12.0,157.0,779.0,1070.0
2022-05-24 19:41:18,0.02,0.0826,12.0,157.0,779.0,1070.0
2022-05-24 19:42:18,0.02,0.0826,12.0,157.0,779.0,1070.0
2022-05-24 19:43:19,0.02,0.0827,12.0,157.0,779.0,1070.0
2022-05-24 19:44:19,0.02,0.0826,12.0,157.0,780.0,1070.0
2022-05-24 19:45:20,0.02,0.0827,12.0,157.0,780.0,1070.0
2022-05-24 19:46:20,0.02,0.0827,12.0,157.0,779.0,1070.0
2022-05-24 19:47:21,0.02,0.0827,12.0,157.0,779.0,1070.0
2022-05-24 19:48:21,0.02,0.0826,12.0,157.0,779.0,1070.0
2022-05-24 19:49:22,0.02,0.0828,12.0,157.0,780.0,1070.0
2022-05-24 19:50:22,0.02,0.0826,12.0,157.0,780.0,1070.0
2022-05-24 19:51:23,0.02,0.0826,12.0,157.0,779.0,1070.0
2022-05-24 19:52:23,0.02,0.0827,12.0,157.0,778.0,1070.0
2022-05-24 19:53:24,0.02,0.0826,12.0,157.0,780.0,1070.0
2022-05-24 19:54:24,0.02,0.0827,12.0,157.0,780.0,1070.0
2022-05-24 19:55:25,0.02,0.0827,12.0,157.0,779.0,1070.0
2022-05-24 19:56:25,0.02,0.0826,12.0,157.0,779.0,1070.0
2022-05-24 19:57:26,0.02,0.0826,12.0,157.0,779.0,1070.0
2022-05-24 19:58:27,0.02,0.0828,12.0,157.0,779.0,1070.0
2022-05-24 19:59:27,0.02,0.083,12.0,157.0,779.0,1070.0
2022-05-24 20:00:28,0.02,0.0827,12.0,157.0,780.0,1070.0
2022-05-24 20:01:28,0.02,0.0828,12.0,157.0,780.0,1070.0
2022-05-24 20:02:29,0.02,0.0829,12.0,157.0,780.0,1070.0
2022-05-24 20:03:29,0.02,0.0827,12.0,157.0,779.0,1070.0
2022-05-24 20:04:30,0.02,0.0826,12.0,157.0,779.0,1070.0
2022-05-24 20:05:30,0.02,0.0826,12.0,157.0,780.0,1070.0
2022-05-24 20:06:31,0.02,0.0826,12.0,157.0,780.0,1070.0
2022-05-24 20:07:31,0.02,0.0827,12.0,157.0,780.0,871.0
2022-05-24 20:08:32,0.02,0.0827,12.0,157.0,780.0,484.0
2022-05-24 20:09:32,0.02,0.0826,12.0,157.0,780.0,268.0
2022-05-24 20:10:33,0.02,0.0827,12.0,157.0,778.0,149.0
2022-05-24 20:11:33,0.02,0.0826,12.0,157.0,778.0,83.2
2022-05-24 20:12:34,0.02,0.0827,12.0,157.0,779.0,46.3
2022-05-24 20:13:34,0.02,0.0826,12.0,157.0,780.0,26.2
2022-05-24 20:14:35,0.02,0.0827,12.0,157.0,779.0,15.4
2022-05-24 20:15:35,0.02,0.0828,12.0,157.0,779.0,9.65
2022-05-24 20:16:36,0.02,0.083,12.0,157.0,779.0,6.34
2022-05-24 20:17:37,0.02,0.0829,12.0,157.0,780.0,4.17
2022-05-24 20:18:37,0.02,0.083,12.0,157.0,780.0,3.01
2022-05-24 20:19:38,0.02,0.0832,12.0,157.0,779.0,2.31
2022-05-24 20:20:38,0.02,0.0831,12.0,157.0,779.0,1.82
2022-05-24 20:21:39,0.02,0.0831,12.0,157.0,779.0,1.54
2022-05-24 20:22:39,0.02,0.0833,12.0,157.0,779.0,1.33
2022-05-24 20:23:40,0.02,0.0832,12.0,157.0,779.0,1.2
2022-05-24 20:24:40,0.02,0.0831,12.0,157.0,778.0,1.03
2022-05-24 20:25:41,0.02,0.0832,12.0,157.0,779.0,0.95
2022-05-24 20:26:41,0.785,0.0832,12.0,157.0,778.0,0.8809999999999999
2022-05-24 20:27:42,0.745,0.0832,12.0,157.0,777.0,0.8290000000000001
2022-05-24 20:28:43,0.7040000000000001,0.0832,12.0,157.0,779.0,0.789
2022-05-24 20:29:43,0.7,0.0832,12.0,157.0,778.0,0.784
2022-05-24 20:30:44,0.375,0.0832,12.0,157.0,778.0,0.389
2022-05-24 20:31:45,0.11199999999999999,0.0832,12.0,157.0,778.0,0.0739
2022-05-24 20:32:45,0.0895,0.0831,12.0,157.0,778.0,0.0575
2022-05-24 20:33:46,0.0788,0.0832,12.0,157.0,778.0,0.0502
2022-05-24 20:34:47,0.0722,0.0833,12.0,157.0,778.0,0.0454
2022-05-24 20:35:48,0.0673,0.0833,12.0,157.0,779.0,0.042
2022-05-24 20:36:48,0.064,0.0833,12.0,157.0,778.0,0.0395
2022-05-24 20:37:49,0.0607,0.0834,12.0,157.0,778.0,0.0372
2022-05-24 20:38:50,0.0578,0.0833,12.0,157.0,778.0,0.0354
2022-05-24 20:39:50,0.0556,0.0833,12.0,157.0,778.0,0.0338
2022-05-24 20:40:51,0.0539,0.0833,12.0,157.0,778.0,0.0326
2022-05-24 20:41:52,0.0522,0.0834,12.0,157.0,778.0,0.0316
2022-05-24 20:42:52,0.0508,0.0835,12.0,157.0,777.0,0.0306
2022-05-24 20:43:53,0.0494,0.0835,12.0,157.0,778.0,0.0298
2022-05-24 20:44:54,0.0484,0.0835,12.0,157.0,778.0,0.029
2022-05-24 20:45:54,0.0475,0.0835,12.0,157.0,779.0,0.0285
2022-05-24 20:46:55,0.0466,0.0833,12.0,157.0,778.0,0.0279
2022-05-24 20:47:56,0.0458,0.0833,12.0,157.0,778.0,0.0272
2022-05-24 20:48:57,0.045,0.0833,12.0,157.0,777.0,0.0266
2022-05-24 20:49:57,0.0442,0.0834,12.0,157.0,778.0,0.0262
2022-05-24 20:50:58,0.0437,0.0834,12.0,157.0,777.0,0.0257
2022-05-24 20:51:59,0.0431,0.0833,12.0,157.0,778.0,0.0253
2022-05-24 20:52:59,0.0425,0.0833,12.0,157.0,778.0,0.0248
2022-05-24 20:54:00,0.0419,0.0833,12.0,157.0,778.0,0.0244
2022-05-24 20:55:01,0.0415,0.0833,12.0,157.0,777.0,0.024
2022-05-24 20:56:02,0.0409,0.0833,12.0,157.0,778.0,0.0237
2022-05-24 20:57:02,0.0402,0.0836,12.0,157.0,777.0,0.0233
2022-05-24 20:58:03,0.0397,0.0835,12.0,157.0,778.0,0.0231
2022-05-24 20:59:04,0.0391,0.0836,12.0,157.0,778.0,0.0227
2022-05-24 21:00:04,0.0386,0.0836,12.0,157.0,779.0,0.0225
2022-05-24 21:01:05,0.038,0.0838,12.0,157.0,779.0,0.0223
2022-05-24 21:02:06,0.0375,0.0839,-1.0,157.0,780.0,0.022
2022-05-24 21:03:06,0.037,0.0838,-2.0,157.0,779.0,0.0217
2022-05-24 21:04:07,0.0367,0.0838,-2.0,157.0,780.0,0.0215
2022-05-24 21:05:08,0.0362,0.0838,-2.0,157.0,779.0,0.0213
2022-05-24 21:06:09,0.0358,0.0839,-2.0,157.0,779.0,0.021
2022-05-24 21:07:09,0.0356,0.0839,-2.0,157.0,779.0,0.0208
2022-05-24 21:08:10,0.0353,0.0838,-2.0,157.0,779.0,0.0206
2022-05-24 21:09:11,0.0346,0.0838,-3.0,157.0,780.0,0.0203
2022-05-24 21:10:11,0.0343,0.0839,-4.0,157.0,780.0,0.02
2022-05-24 21:11:12,0.0339,0.0839,-4.0,157.0,780.0,0.0197
2022-05-24 21:12:13,0.0334,0.0839,-5.0,157.0,779.0,0.0196
2022-05-24 21:13:13,0.0329,0.0839,-5.0,157.0,780.0,0.0192
2022-05-24 21:14:14,0.0214,0.0839,-5.0,157.0,780.0,0.0112
2022-05-24 21:15:15,0.0116,0.0838,-5.0,157.0,779.0,0.00558
2022-05-24 21:16:16,0.006690000000000001,0.0838,-5.0,157.0,780.0,0.0030800000000000003
2022-05-24 21:17:16,0.00425,0.0838,-5.0,157.0,781.0,0.0019100000000000002
2022-05-24 21:18:17,0.0028,0.0838,-5.0,157.0,779.0,0.00134
2022-05-24 21:19:17,0.00203,0.0838,-5.0,157.0,780.0,0.000982
2022-05-24 21:20:18,0.00155,0.0839,-5.0,157.0,780.0,0.0007650000000000001
2022-05-24 21:21:19,0.0012,0.0838,-5.0,157.0,780.0,0.000662
2022-05-24 21:22:19,0.000995,0.0839,-5.0,157.0,780.0,0.000538
2022-05-24 21:23:20,0.000874,0.0838,-5.0,157.0,780.0,0.0005059999999999999
2022-05-24 21:24:21,0.000789,0.0838,-5.0,157.0,779.0,0.0005009999999999999
2022-05-24 21:25:22,0.000732,0.0838,-5.0,157.0,780.0,0.0005009999999999999
2022-05-24 21:26:22,0.000662,0.0839,-5.0,157.0,780.0,0.0005009999999999999
2022-05-24 21:27:23,0.000615,0.0839,-5.0,157.0,779.0,0.0005009999999999999
2022-05-24 21:28:24,0.000579,0.0839,-5.0,157.0,779.0,0.0005009999999999999
2022-05-24 21:29:24,0.000553,0.0836,-5.0,157.0,779.0,0.0005009999999999999
2022-05-24 21:30:25,0.000533,0.0836,-5.0,157.0,779.0,0.0005009999999999999
2022-05-24 21:31:26,0.000518,0.0837,-5.0,157.0,780.0,0.0005009999999999999
2022-05-24 21:32:27,0.000505,0.0838,-5.0,158.0,779.0,0.0005009999999999999
2022-05-24 21:33:27,0.000492,0.0838,-5.0,157.0,780.0,0.0005009999999999999
2022-05-24 21:34:28,0.000484,0.0838,-5.0,157.0,782.0,0.0005009999999999999
2022-05-24 21:35:29,0.000475,0.0839,-5.0,157.0,781.0,0.0005009999999999999
2022-05-24 21:36:30,0.00046699999999999997,0.0837,-5.0,157.0,780.0,0.0005009999999999999
2022-05-24 21:37:30,0.00045999999999999996,0.0837,-5.0,157.0,782.0,0.0005009999999999999
2022-05-24 21:38:31,0.000453,0.0837,-5.0,157.0,780.0,0.0005009999999999999
2022-05-24 21:39:31,0.000446,0.0838,-5.0,157.0,780.0,0.0005009999999999999
2022-05-24 21:40:32,0.000439,0.0838,-5.0,157.0,780.0,0.0005009999999999999
2022-05-24 21:41:33,0.000433,0.0839,-5.0,158.0,781.0,0.0005009999999999999
2022-05-24 21:42:33,0.00042699999999999997,0.0838,-5.0,157.0,782.0,0.0005009999999999999
2022-05-24 21:43:34,0.00041900000000000005,0.0838,-5.0,157.0,781.0,0.0005009999999999999
2022-05-24 21:44:35,0.00041500000000000006,0.0836,-5.0,157.0,781.0,0.0005009999999999999
2022-05-24 21:45:35,0.00040899999999999997,0.0837,-5.0,157.0,780.0,0.0005009999999999999
2022-05-24 21:46:36,0.00040300000000000004,0.0838,-5.0,157.0,780.0,0.0005009999999999999
2022-05-24 21:47:37,0.0004,0.084,-5.0,157.0,781.0,0.0005009999999999999
2022-05-24 21:48:37,0.000395,0.084,-5.0,157.0,781.0,0.0005009999999999999
2022-05-24 21:49:38,0.000391,0.0839,-5.0,157.0,781.0,0.0005009999999999999
2022-05-24 21:50:39,0.00038500000000000003,0.0838,-5.0,157.0,781.0,0.0005009999999999999
2022-05-24 21:51:40,0.000381,0.0839,-4.0,157.0,782.0,0.0005009999999999999
2022-05-24 21:52:41,0.000377,0.0838,-5.0,157.0,781.0,0.0005009999999999999
2022-05-24 21:53:41,0.000373,0.0839,-5.0,157.0,781.0,0.0005009999999999999
2022-05-24 21:54:42,0.000368,0.0841,-5.0,157.0,781.0,0.0005009999999999999
2022-05-24 21:55:43,0.000365,0.0839,-5.0,157.0,781.0,0.0005009999999999999
2022-05-24 21:56:44,0.000361,0.0839,-5.0,157.0,780.0,0.0005009999999999999
2022-05-24 21:57:44,0.000356,0.0839,-5.0,157.0,781.0,0.0005009999999999999
2022-05-24 21:58:45,0.00035299999999999996,0.084,-5.0,157.0,781.0,0.0005009999999999999
2022-05-24 21:59:46,0.00035,0.0839,-5.0,157.0,780.0,0.0005009999999999999
2022-05-24 22:00:46,0.000346,0.0839,-5.0,157.0,780.0,0.0005009999999999999
2022-05-24 22:01:47,0.000344,0.0839,-5.0,157.0,781.0,0.0005009999999999999
2022-05-24 22:02:48,0.00033999999999999997,0.0839,-5.0,158.0,780.0,0.0005009999999999999
2022-05-24 22:03:48,0.000337,0.084,-5.0,158.0,781.0,0.0005009999999999999
2022-05-24 22:04:49,0.000333,0.084,-5.0,157.0,781.0,0.0005009999999999999
2022-05-24 22:05:50,0.00032900000000000003,0.0839,-5.0,157.0,781.0,0.0005009999999999999
2022-05-24 22:06:50,0.00032599999999999996,0.0839,-5.0,157.0,782.0,0.0005009999999999999
2022-05-24 22:07:51,0.000324,0.0839,-5.0,158.0,782.0,0.0005009999999999999
2022-05-24 22:08:52,0.000321,0.0839,-5.0,157.0,781.0,0.0005009999999999999
2022-05-24 22:09:53,0.000317,0.0839,-5.0,157.0,781.0,0.0005009999999999999
2022-05-24 22:10:53,0.000315,0.0839,-5.0,157.0,781.0,0.0005009999999999999
2022-05-24 22:11:54,0.00031299999999999996,0.0839,-5.0,157.0,780.0,0.0005009999999999999
2022-05-24 22:12:55,0.00031,0.0839,-5.0,157.0,780.0,0.0005009999999999999
2022-05-24 22:13:56,0.000307,0.0839,-5.0,157.0,781.0,0.0005009999999999999
2022-05-24 22:14:57,0.000304,0.0841,-5.0,157.0,781.0,0.0005009999999999999
2022-05-24 22:15:57,0.000301,0.084,-5.0,157.0,781.0,0.0005009999999999999
2022-05-24 22:16:58,0.0003,0.0841,-5.0,157.0,781.0,0.0005009999999999999
2022-05-24 22:17:59,0.000297,0.084,-4.0,157.0,780.0,0.0005009999999999999
2022-05-24 22:19:00,0.000295,0.0839,-4.0,157.0,782.0,0.0005009999999999999
2022-05-24 22:20:00,0.000292,0.0841,-5.0,157.0,780.0,0.0005009999999999999
2022-05-24 22:21:01,0.00028900000000000003,0.084,-5.0,157.0,782.0,0.0005009999999999999
2022-05-24 22:22:02,0.00028700000000000004,0.0843,-5.0,157.0,781.0,0.0005009999999999999
2022-05-24 22:23:02,0.000285,0.0842,-5.0,157.0,781.0,0.0005009999999999999
2022-05-24 22:24:03,0.00028199999999999997,0.0842,-5.0,157.0,780.0,0.0005009999999999999
2022-05-24 22:25:04,0.000279,0.0843,-5.0,157.0,780.0,0.0005009999999999999
2022-05-24 22:26:05,0.000277,0.0841,-5.0,157.0,781.0,0.0005009999999999999
2022-05-24 22:27:05,0.000275,0.0841,-4.0,157.0,782.0,0.0005009999999999999
2022-05-24 22:28:06,0.000273,0.0844,-5.0,157.0,781.0,0.0005009999999999999
2022-05-24 22:29:07,0.000269,0.0844,-5.0,157.0,781.0,0.0005009999999999999
2022-05-24 22:30:07,0.000268,0.0845,-4.0,157.0,782.0,0.0005009999999999999
2022-05-24 22:31:08,0.000265,0.0843,-5.0,157.0,781.0,0.0005009999999999999
2022-05-24 22:32:09,0.000262,0.0843,-5.0,157.0,780.0,0.0005009999999999999
2022-05-24 22:33:10,0.00026000000000000003,0.0843,-4.0,157.0,781.0,0.0005009999999999999
2022-05-24 22:34:10,0.000259,0.0844,-5.0,157.0,780.0,0.0005009999999999999
2022-05-24 22:35:11,0.00025699999999999996,0.0844,-4.0,157.0,782.0,0.0005009999999999999
2022-05-24 22:36:12,0.00025499999999999996,0.0844,-4.0,157.0,782.0,0.0005009999999999999
2022-05-24 22:37:13,0.00025299999999999997,0.0844,-5.0,157.0,782.0,0.0005009999999999999
2022-05-24 22:38:14,0.00025,0.0844,-5.0,157.0,782.0,0.0005009999999999999
2022-05-24 22:39:14,0.000248,0.0844,-5.0,157.0,782.0,0.0005009999999999999
2022-05-24 22:40:15,0.000246,0.0844,-5.0,158.0,782.0,0.0005009999999999999
2022-05-24 22:41:16,0.000244,0.0844,-5.0,157.0,782.0,0.0005009999999999999
2022-05-24 22:42:17,0.000241,0.0845,-4.0,157.0,783.0,0.0005009999999999999
2022-05-24 22:43:18,0.00023999999999999998,0.0844,-4.0,157.0,783.0,0.0005009999999999999
2022-05-24 22:44:18,0.00023799999999999998,0.0845,-4.0,157.0,782.0,0.0005009999999999999
2022-05-24 22:45:19,0.000236,0.0845,-5.0,157.0,782.0,0.0005009999999999999
2022-05-24 22:46:19,0.000234,0.0844,-5.0,157.0,783.0,0.0005009999999999999
2022-05-24 22:47:20,0.000245,0.0845,-4.0,157.0,782.0,0.0005009999999999999
2022-05-24 22:48:21,0.000229,0.0845,-4.0,157.0,782.0,0.0005009999999999999
2022-05-24 22:49:22,0.00022799999999999999,0.0845,-5.0,157.0,783.0,0.0005009999999999999
2022-05-24 22:50:22,0.000225,0.0846,-5.0,157.0,783.0,0.0005009999999999999
2022-05-24 22:51:23,0.000223,0.0845,-5.0,157.0,783.0,0.0005009999999999999
2022-05-24 22:52:24,0.00022200000000000003,0.0844,-5.0,157.0,782.0,0.0005009999999999999
2022-05-24 22:53:25,0.00022,0.0844,-4.0,157.0,782.0,0.0005009999999999999
2022-05-24 22:54:25,0.00021899999999999998,0.0845,-5.0,157.0,782.0,0.0005009999999999999
2022-05-24 22:55:26,0.000217,0.0846,-4.0,157.0,782.0,0.0005009999999999999
2022-05-24 22:56:27,0.00021600000000000002,0.0845,-4.0,157.0,783.0,0.0005009999999999999
2022-05-24 22:57:27,0.00021400000000000002,0.0844,-4.0,157.0,782.0,0.0005009999999999999
2022-05-24 22:58:28,0.000213,0.0846,-5.0,157.0,782.0,0.0005009999999999999
2022-05-24 22:59:29,0.00021,0.0845,-5.0,157.0,782.0,0.0005009999999999999
2022-05-24 23:00:29,0.00020800000000000001,0.0847,-5.0,157.0,782.0,0.0005009999999999999
2022-05-24 23:01:30,0.000206,0.0847,-5.0,157.0,783.0,0.0005009999999999999
2022-05-24 23:02:31,0.000205,0.0847,-5.0,157.0,783.0,0.0005009999999999999
2022-05-24 23:03:31,0.00020299999999999997,0.0848,-4.0,157.0,783.0,0.0005009999999999999
2022-05-24 23:04:32,0.000202,0.0847,-5.0,157.0,782.0,0.0005009999999999999
2022-05-24 23:05:33,0.000199,0.0847,-5.0,157.0,782.0,0.0005009999999999999
2022-05-24 23:06:34,0.000197,0.0847,-4.0,157.0,782.0,0.0005009999999999999
2022-05-24 23:07:34,0.000196,0.0847,-4.0,157.0,782.0,0.0005009999999999999
2022-05-24 23:08:35,0.000195,0.0848,-4.0,157.0,782.0,0.0005009999999999999
2022-05-24 23:09:36,0.000192,0.0849,-5.0,157.0,782.0,0.0005009999999999999
2022-05-24 23:10:37,0.00019099999999999998,0.0849,-4.0,157.0,782.0,0.0005009999999999999
2022-05-24 23:11:38,0.00018899999999999999,0.085,-4.0,157.0,783.0,0.0005009999999999999
2022-05-24 23:12:38,0.000188,0.0848,-4.0,157.0,782.0,0.0005009999999999999
2022-05-24 23:13:39,0.00018600000000000002,0.0849,-5.0,157.0,782.0,0.0005009999999999999
2022-05-24 23:14:40,0.000185,0.0849,-4.0,157.0,783.0,0.0005009999999999999
2022-05-24 23:15:40,0.000183,0.0851,-4.0,157.0,782.0,0.0005009999999999999
2022-05-24 23:16:41,0.000181,0.085,-4.0,157.0,783.0,0.0005009999999999999
2022-05-24 23:17:42,0.00018,0.085,-4.0,157.0,783.0,0.0005009999999999999
2022-05-24 23:18:42,0.000178,0.085,-4.0,157.0,783.0,0.0005009999999999999
2022-05-24 23:19:43,0.000176,0.085,-4.0,157.0,782.0,0.0005009999999999999
2022-05-24 23:20:44,0.000175,0.085,-5.0,157.0,783.0,0.0005009999999999999
2022-05-24 23:21:45,0.000173,0.085,-4.0,157.0,782.0,0.0005009999999999999
2022-05-24 23:22:45,0.000172,0.085,-4.0,157.0,783.0,0.0005009999999999999
2022-05-24 23:23:46,0.000171,0.085,-4.0,157.0,782.0,0.0005009999999999999
2022-05-24 23:24:47,0.000169,0.085,-4.0,157.0,782.0,0.0005009999999999999
2022-05-24 23:25:47,0.000168,0.085,-4.0,157.0,782.0,0.0005009999999999999
2022-05-24 23:26:48,0.000165,0.085,-4.0,157.0,782.0,0.0005009999999999999
2022-05-24 23:27:49,0.00016299999999999998,0.0852,-4.0,157.0,784.0,0.0005009999999999999
2022-05-24 23:28:49,0.000161,0.085,-4.0,157.0,783.0,0.0005009999999999999
2022-05-24 23:29:50,0.00016,0.085,-5.0,157.0,782.0,0.0005009999999999999
2022-05-24 23:30:51,0.00015900000000000002,0.0851,-4.0,157.0,783.0,0.0005009999999999999
2022-05-24 23:31:52,0.00015800000000000002,0.085,-5.0,157.0,782.0,0.0005009999999999999
2022-05-24 23:32:52,0.000157,0.085,-4.0,157.0,782.0,0.0005009999999999999
2022-05-24 23:33:53,0.000155,0.085,-4.0,157.0,783.0,0.0005009999999999999
2022-05-24 23:34:54,0.000154,0.085,-4.0,157.0,782.0,0.0005009999999999999
2022-05-24 23:35:55,0.000152,0.085,-5.0,157.0,782.0,0.0005009999999999999
2022-05-24 23:36:56,0.000151,0.085,-4.0,157.0,783.0,0.0005009999999999999
2022-05-24 23:37:56,0.000149,0.0851,-4.0,157.0,782.0,0.0005009999999999999
2022-05-24 23:38:57,0.000148,0.085,-4.0,157.0,783.0,0.0005009999999999999
2022-05-24 23:39:58,0.000147,0.085,-4.0,157.0,782.0,0.0005009999999999999
2022-05-24 23:40:58,0.000146,0.085,-4.0,157.0,783.0,0.0005009999999999999
2022-05-24 23:41:59,0.000145,0.0852,-4.0,157.0,783.0,0.0005009999999999999
2022-05-24 23:43:00,0.000144,0.0852,-4.0,157.0,783.0,0.0005009999999999999
2022-05-24 23:44:01,0.000143,0.0852,-4.0,157.0,783.0,0.0005009999999999999
2022-05-24 23:45:01,0.00014199999999999998,0.0853,-4.0,157.0,783.0,0.0005009999999999999
2022-05-24 23:46:02,0.00014099999999999998,0.085,-4.0,157.0,782.0,0.0005009999999999999
2022-05-24 23:47:03,0.00014,0.0852,-5.0,157.0,782.0,0.0005009999999999999
2022-05-24 23:48:04,0.000139,0.0853,-5.0,157.0,782.0,0.0005009999999999999
2022-05-24 23:49:04,0.000138,0.0855,-4.0,157.0,782.0,0.0005009999999999999
2022-05-24 23:50:05,0.000138,0.0853,-5.0,157.0,783.0,0.0005009999999999999
2022-05-24 23:51:06,0.00013700000000000002,0.0853,-4.0,157.0,783.0,0.0005009999999999999
2022-05-24 23:52:07,0.000136,0.0853,-4.0,157.0,783.0,0.0005009999999999999
2022-05-24 23:53:07,0.000134,0.0851,-4.0,157.0,782.0,0.0005009999999999999
2022-05-24 23:54:08,0.000132,0.0854,-5.0,157.0,783.0,0.0005009999999999999
2022-05-24 23:55:09,0.000131,0.0853,-4.0,157.0,782.0,0.0005009999999999999
2022-05-24 23:56:09,0.00013000000000000002,0.0855,-4.0,157.0,782.0,0.0005009999999999999
2022-05-24 23:57:10,0.000129,0.0855,-4.0,157.0,782.0,0.0005009999999999999
2022-05-24 23:58:11,0.000128,0.0854,-5.0,157.0,782.0,0.0005009999999999999
2022-05-24 23:59:12,0.000128,0.0854,-4.0,157.0,783.0,0.0005009999999999999
2022-05-25 00:00:12,0.000126,0.0854,-4.0,157.0,784.0,0.0005009999999999999
2022-05-25 00:01:13,0.000124,0.0855,-4.0,157.0,782.0,0.0005009999999999999
2022-05-25 00:02:14,0.000124,0.0856,-4.0,157.0,783.0,0.0005009999999999999
2022-05-25 00:03:15,0.000123,0.0855,-5.0,157.0,782.0,0.0005009999999999999
2022-05-25 00:04:15,0.000122,0.0855,-5.0,157.0,782.0,0.0005009999999999999
2022-05-25 00:05:16,0.000121,0.0856,-4.0,157.0,782.0,0.0005009999999999999
2022-05-25 00:06:17,0.00011999999999999999,0.0855,-4.0,157.0,782.0,0.0005009999999999999
2022-05-25 00:07:17,0.000118,0.0855,-4.0,157.0,782.0,0.0005009999999999999
2022-05-25 00:08:18,0.000117,0.0855,-4.0,157.0,783.0,0.0005009999999999999
2022-05-25 00:09:19,0.00011599999999999999,0.0855,-4.0,157.0,784.0,0.0005009999999999999
2022-05-25 00:10:20,0.00011499999999999999,0.0855,-5.0,157.0,782.0,0.0005009999999999999
2022-05-25 00:11:21,0.00011399999999999999,0.0856,-4.0,157.0,783.0,0.0005009999999999999
2022-05-25 00:12:21,0.000113,0.0857,-4.0,157.0,782.0,0.0005009999999999999
2022-05-25 00:13:22,0.00011200000000000001,0.0855,-4.0,157.0,782.0,0.0005009999999999999
2022-05-25 00:14:23,0.00011100000000000001,0.0856,-5.0,157.0,782.0,0.0005009999999999999
2022-05-25 00:15:24,0.00011,0.0856,-5.0,157.0,783.0,0.0005009999999999999
2022-05-25 00:16:24,0.000109,0.0856,-4.0,157.0,783.0,0.0005009999999999999
2022-05-25 00:17:25,0.00010800000000000001,0.0857,-4.0,157.0,782.0,0.0005009999999999999
2022-05-25 00:18:26,0.00010700000000000001,0.0855,-4.0,157.0,783.0,0.0005009999999999999
2022-05-25 00:19:26,0.00010700000000000001,0.0855,-4.0,157.0,782.0,0.0005009999999999999
2022-05-25 00:20:27,0.000106,0.0856,-4.0,157.0,783.0,0.0005009999999999999
2022-05-25 00:21:28,0.000105,0.0856,-4.0,157.0,782.0,0.0005009999999999999
2022-05-25 00:22:28,0.000105,0.0856,-5.0,157.0,783.0,0.0005009999999999999
2022-05-25 00:23:29,0.000103,0.0856,-4.0,157.0,783.0,0.0005009999999999999
2022-05-25 00:24:30,0.000103,0.0855,-4.0,157.0,783.0,0.0005009999999999999
2022-05-25 00:25:31,0.000102,0.0857,-4.0,157.0,782.0,0.0005009999999999999
2022-05-25 00:26:31,0.000101,0.0856,-4.0,157.0,783.0,0.0005009999999999999
2022-05-25 00:27:32,0.0001,0.0855,-4.0,157.0,782.0,0.0005009999999999999
2022-05-25 00:28:33,9.93e-05,0.0857,-4.0,157.0,782.0,0.0005009999999999999
2022-05-25 00:29:34,9.83e-05,0.0857,-4.0,157.0,783.0,0.0005009999999999999
